Id;Fecha;Tmax;HTmax;Tmin;HTmin;Tmed;Racha;HRacha;Vmax;HVmax;TPrec;Prec1;Prec2;Prec3;Prec4
8283X;2013-05-07;29.8;14:30;16.6;07:20;23.2;22;08:50;9;17:30;0;0;0;0;0
8283X;2013-05-08;32.6;15:50;15.2;05:10;23.9;15;15:50;6;15:40;0;0;0;0;0
8283X;2013-05-09;28.6;15:50;15.8;06:30;22.2;21;15:40;9;15:20;0;0;0;0;0
8283X;2013-05-10;28.2;14:40;15.2;06:50;21.7;21;14:50;9;17:40;;0;;0;0
8283X;2013-05-11;23.7;16:20;14.0;07:10;18.9;25;13:20;9;14:00;0;0;0;0;0
8283X;2013-05-12;23.8;17:20;14.5;02:20;19.1;19;19:20;8;14:50;0;0;0;0;0
8283X;2013-05-13;24.9;16:10;14.9;07:20;19.9;19;15:50;8;15:10;0;0;0;0;0
8283X;2013-05-14;26.4;15:40;13.4;03:10;19.9;23;17:10;8;16:40;0.8;0;0;0.8;0
8283X;2013-05-15;24.8;12:40;11.9;06:30;18.3;31;13:00;10;13:00;19.4;0;0;19.2;0.2
8283X;2013-05-16;19.7;12:40;10.3;07:20;15;40;14:50;14;16:30;0.2;0;0.2;0;0
8283X;2013-05-17;21.9;17:20;9.0;06:50;15.4;37;12:20;15;19:50;6;0;0;0.2;5.8
8283X;2013-05-18;18.7;15:40;7.3;06:40;13;42;11:50;16;11:50;0.2;0;0;0.2;0
8283X;2013-05-19;24.2;15:40;13.8;03:10;;33;11:30;15;16:10;;0;0;;
8283X;2013-05-20;17.3;13:50;8.9;23:59;13.1;23;17:50;10;17:40;0.4;0.2;0.2;0;0
8283X;2013-05-21;16.5;14:10;8.3;00:50;12.4;25;15:00;11;15:00;0;0;0;0;0
8283X;2013-05-22;26.7;15:40;8.3;06:10;17.5;19;19:50;8;19:40;0.4;0;0.4;0;0
8283X;2013-05-23;27.4;17:50;10.7;06:10;19;25;18:30;10;15:10;0;0;0;0;0
8283X;2013-05-24;24.0;16:00;9.8;06:40;16.9;25;13:20;9;15:10;0;0;0;0;0
8283X;2013-05-25;25.0;16:10;9.5;03:50;17.3;21;17:50;10;17:20;0;0;0;0;0
8283X;2013-05-26;23.4;15:10;13.3;02:00;18.3;22;17:20;12;16:00;0;0;0;0;0
8283X;2013-05-27;22.8;15:30;13.0;07:10;17.9;28;17:20;10;16:50;2;0;0;0;2
8283X;2013-05-28;25.3;14:40;11.3;05:40;18.3;29;12:30;12;12:30;0.2;0;0.2;0;0
8283X;2013-05-29;23.4;17:00;10.2;07:10;16.8;34;14:40;12;17:40;0;0;0;0;0
8283X;2013-05-30;24.5;17:20;10.7;00:40;17.6;25;19:50;9;14:30;2.2;2.2;0;0;0
8283X;2013-05-31;24.8;16:30;9.8;06:10;17.3;29;12:10;12;13:00;0;0;0;0;0
8283X;2013-06-01;26.6;16:10;8.6;06:50;17.6;22;17:20;11;17:20;0;0;0;0;0
8283X;2013-06-02;25.4;16:00;9.5;06:50;17.4;24;16:20;11;17:20;0;0;0;0;0
8283X;2013-06-03;27.3;17:20;9.9;06:50;18.6;27;19:50;11;19:50;0;0;0;0;0
8283X;2013-06-04;30.2;16:30;10.5;07:00;20.4;22;17:50;10;17:50;0;0;0;0;0
8283X;2013-06-05;25.8;18:10;13.2;06:50;19.5;21;16:00;9;18:20;0;0;0;0;0
8283X;2013-06-06;29.2;16:50;12.8;07:00;21;29;18:50;9;15:00;0;0;0;0;0
8283X;2013-06-07;27.2;14:40;11.5;06:50;19.4;27;17:30;12;17:30;0;0;0;0;0
8283X;2013-06-08;25.9;15:40;13.8;07:00;19.8;30;15:20;11;11:20;0;0;0;0;0
8283X;2013-06-09;24.0;12:20;14.1;07:00;19.1;29;09:20;10;11:10;0;0;0;0;0
8283X;2013-06-10;30.7;16:50;15.9;07:00;23.3;38;03:30;17;03:40;0;0;0;0;0
8283X;2013-06-11;34.0;16:50;17.4;06:50;25.7;30;11:30;11;11:30;0;0;0;0;0
8283X;2013-06-12;34.0;16:30;16.5;06:40;25.3;22;18:20;9;16:50;0;0;0;0;0
8283X;2013-06-13;37.3;16:10;15.5;06:40;26.4;32;16:00;13;17:50;0;0;0;0;0
8283X;2013-06-14;33.4;17:30;15.7;06:30;24.6;19;16:20;9;19:30;0;0;0;0;0
8283X;2013-06-15;32.6;16:20;15.7;06:50;24.1;23;14:40;10;15:00;0;0;0;0;0
8283X;2013-06-16;32.3;16:20;15.5;07:00;23.9;24;15:30;9;15:30;0;0;0;0;0
8283X;2013-06-17;31.4;15:40;15.6;06:40;23.5;20;15:40;9;14:00;0.4;0;0;0;0.4
8283X;2013-06-18;29.4;15:50;16.5;07:10;22.9;26;15:30;9;12:00;3.4;3.4;0;0;0
8283X;2013-06-19;28.0;18:10;14.4;06:30;21.2;31;15:50;12;16:00;0;0;0;0;0
8283X;2013-06-20;28.1;17:20;12.9;06:10;20.5;26;19:10;13;20:00;0;0;0;0;0
8283X;2013-06-21;32.7;16:50;14.1;06:50;23.4;30;21:10;11;20:50;13;0;0;0;13
8283X;2013-06-22;28.9;16:50;13.1;06:30;21;19;00:40;10;00:30;0.2;0.2;0;0;0
8283X;2013-06-23;32.5;16:50;14.5;07:00;23.5;23;19:20;11;18:00;0;0;0;0;0
8283X;2013-06-24;26.9;16:30;15.5;05:40;21.2;26;16:00;10;18:00;0;0;0;0;0
8283X;2013-06-25;28.9;15:50;15.8;05:00;22.3;21;15:30;10;16:30;0;0;0;0;0
8283X;2013-06-26;28.8;16:30;12.5;06:50;20.6;23;17:00;10;17:40;0;0;0;0;0
8283X;2013-06-27;27.8;15:50;13.3;06:50;20.5;22;15:10;10;15:50;0;0;0;0;0
8283X;2013-06-28;30.5;17:00;13.4;06:50;21.9;27;18:20;11;18:20;0;0;0;0;0
8283X;2013-06-29;31.5;17:10;14.3;06:40;22.9;17;15:40;8;18:30;0;0;0;0;0
8283X;2013-06-30;30.9;15:00;14.2;06:50;22.5;24;15:20;11;16:50;0;0;0;0;0
8283X;2013-07-01;30.5;15:50;14.1;05:30;22.3;24;16:20;10;14:20;0;0;0;0;0
8283X;2013-07-02;31.1;14:40;16.6;06:50;23.9;24;14:50;11;16:50;0;0;0;0;0
8283X;2013-07-03;33.7;13:40;17.5;05:00;25.6;27;16:00;11;14:40;0;0;0;0;0
8283X;2013-07-04;32.0;15:00;16.9;06:50;24.4;27;16:20;10;14:30;0;0;0;0;0
8283X;2013-07-05;32.9;16:30;16.9;04:30;24.9;27;17:30;12;17:30;0;0;0;0;0
8283X;2013-07-06;33.2;17:10;15.3;07:00;24.3;26;17:30;10;16:10;0;0;0;0;0
8283X;2013-07-07;34.5;14:00;14.8;06:40;24.7;23;18:00;10;14:20;0;0;0;0;0
8283X;2013-07-08;33.6;15:10;15.9;06:50;24.7;27;15:20;12;14:20;0;0;0;0;0
8283X;2013-07-09;32.5;15:00;17.0;06:10;24.8;28;20:40;10;20:20;6.2;0;0;0;6.2
8283X;2013-07-10;33.9;17:50;17.1;06:50;25.5;29;20:10;10;20:10;3;0;0;0;3
8283X;2013-07-11;32.0;17:40;17.5;07:10;24.8;21;15:00;9;15:00;0.4;0.4;0;0;0
8283X;2013-07-12;33.4;15:50;18.9;07:10;26.2;21;14:30;9;15:40;0;0;0;0;0
8283X;2013-07-13;35.1;17:30;21.1;07:30;28.1;30;17:30;12;17:40;0;0;0;0;0
8283X;2013-07-14;32.9;14:10;19.2;07:10;26.1;26;14:30;11;13:40;0;0;0;0;0
8283X;2013-07-15;33.1;17:00;18.5;07:20;25.8;24;15:40;10;19:50;0;0;0;0;0
8283X;2013-07-16;36.1;17:10;16.3;06:40;26.2;31;18:10;13;15:50;0;0;0;0;0
8283X;2013-07-17;33.9;17:40;17.4;06:50;25.7;22;14:40;10;14:50;0;0;0;0;0
8283X;2013-07-18;33.4;18:40;18.6;04:30;26;22;14:20;10;15:10;0;0;0;0;0
8283X;2013-07-19;33.6;15:40;18.4;07:00;26;27;17:30;11;17:00;0;0;0;0;0
8283X;2013-07-20;33.4;16:30;18.3;05:30;25.9;26;15:20;11;15:50;0;0;0;0;0
8283X;2013-07-21;32.9;16:20;19.6;07:10;26.3;28;17:40;12;13:50;0;0;0;0;0
8283X;2013-07-22;34.8;15:40;17.8;07:10;26.3;23;17:40;10;18:20;0;0;0;0;0
8283X;2013-07-23;37.7;16:50;17.5;07:00;27.6;29;17:30;14;17:10;0;0;0;0;0
8283X;2013-07-24;37.2;17:30;18.1;05:30;27.7;24;18:20;11;20:00;0;0;0;0;0
8283X;2013-07-25;39.5;17:00;18.9;06:00;29.2;19;16:00;9;15:00;0;0;0;0;0
8283X;2013-07-26;34.7;15:20;21.8;05:30;28.3;28;15:50;12;16:20;0;0;0;0;0
8283X;2013-07-27;36.7;15:20;21.6;06:30;29.2;23;15:20;10;15:40;0;0;0;0;0
8283X;2013-07-28;37.7;16:50;19.7;07:10;28.7;24;14:20;9;15:20;0;0;0;0;0
8283X;2013-07-29;36.0;16:50;17.4;06:30;26.7;23;19:20;10;18:10;0;0;0;0;0
8283X;2013-07-30;33.5;16:20;15.7;07:20;24.6;24;18:40;9;16:50;0;0;0;0;0
8283X;2013-07-31;36.2;16:00;16.9;07:20;26.6;25;16:20;11;16:30;0;0;0;0;0
8283X;2013-08-01;35.7;16:30;16.6;06:40;26.2;23;16:00;10;15:30;0;0;0;0;0
8283X;2013-08-02;35.1;15:30;20.3;07:10;27.7;23;17:40;10;18:00;0;0;0;0;0
8283X;2013-08-03;33.2;13:30;22.5;02:00;27.9;26;15:30;10;15:10;0;0;0;0;0
8283X;2013-08-04;34.1;15:10;21.5;06:30;27.8;26;17:10;11;17:30;0;0;0;0;0
8283X;2013-08-05;34.9;14:40;21.9;07:30;28.4;19;21:10;8;13:50;0;0;0;0;0
8283X;2013-08-06;35.7;16:00;20.7;04:30;28.2;24;15:30;11;16:40;0;0;0;0;0
8283X;2013-08-07;39.3;16:20;20.4;06:00;29.8;27;17:50;12;18:40;0;0;0;0;0
8283X;2013-08-08;31.8;15:10;20.1;23:59;25.9;29;15:20;12;15:20;0;0;0;0;0
8283X;2013-08-09;33.1;15:30;15.3;06:50;24.2;23;16:00;10;16:00;0;0;0;0;0
8283X;2013-08-10;37.5;17:00;13.9;07:30;;32;17:50;17;19:20;;0;0;;
8283X;2013-08-11;36.0;16:40;15.1;07:40;;33;17:20;21;14:30;;;;;
8283X;2013-08-12;36.7;15:20;15.8;07:50;;32;12:40;20;14:00;;;;;
8283X;2013-08-13;32.3;15:30;18.7;07:40;;33;15:50;20;12:40;;;;;
8283X;2013-08-14;29.6;15:40;22.1;06:50;;37;17:30;20;17:50;;;;;
8283X;2013-08-15;37.6;17:00;17.3;07:50;;37;18:30;18;18:10;;;;;
8283X;2013-08-16;32.8;17:30;16.3;07:40;;30;17:00;16;15:50;;;;;
8283X;2013-08-17;30.2;15:40;19.1;08:00;;32;00:40;17;17:20;;;;0;0
8283X;2013-08-18;37.3;16:00;20.7;07:30;29;24;18:30;9;17:40;0;0;0;0;0
8283X;2013-08-19;36.4;16:00;19.3;08:00;27.9;20;14:40;10;16:10;0;0;0;0;0
8283X;2013-08-20;33.6;15:30;21.1;03:20;27.3;26;16:50;10;16:10;0;0;0;0;0
8283X;2013-08-21;34.5;16:20;22.5;04:40;28.5;23;18:20;11;17:30;0;0;0;0;0
8283X;2013-08-22;36.5;14:50;19.3;07:40;27.9;22;15:40;10;15:50;0;0;0;0;0
8283X;2013-08-23;32.1;16:00;19.7;05:40;25.9;23;16:40;11;17:50;0;0;0;0;0
8283X;2013-08-24;32.0;15:40;21.0;02:30;26.5;29;17:30;12;17:30;0;0;0;0;0
8283X;2013-08-25;30.1;13:40;17.7;07:30;;32;14:10;18;14:10;;0;0;;
8283X;2013-08-26;24.5;15:40;19.6;22:10;;28;09:20;14;13:50;;;;;
8283X;2013-08-27;26.0;14:10;19.3;06:10;;30;14:50;14;14:40;;;;;
8283X;2013-08-28;21.6;13:40;16.9;23:59;;21;17:30;12;17:30;;;;;
8283X;2013-08-29;21.7;19:10;16.9;00:00;;14;01:10;8;01:10;;;;;
8283X;2013-08-30;23.6;18:20;16.6;10:40;;17;02:40;10;02:50;;;;;
8283X;2013-08-31;28.9;15:30;13.9;05:50;;22;16:10;13;14:40;;;;;
8283X;2013-09-01;29.4;15:40;17.1;06:50;;23;16:10;12;17:20;;;;;
8283X;2013-09-02;30.4;15:50;13.3;07:50;;19;15:40;10;16:50;;;;;
8283X;2013-09-03;30.2;15:50;14.1;08:00;;27;18:00;13;17:20;;;;0;0
8283X;2013-09-04;28.2;16:20;11.6;08:10;;27;13:30;15;13:30;;0;0;;
8283X;2013-09-05;28.3;15:20;14.6;06:30;;26;16:50;13;13:00;;;;;
8283X;2013-09-06;31.2;16:10;14.5;07:50;;28;16:10;16;13:30;;0;;0;0
8283X;2013-09-07;22.9;18:10;17.7;05:10;20.3;31;12:20;12;12:20;3.2;0;0;3.2;0
8283X;2013-09-08;30.9;15:30;15.9;07:20;23.4;18;09:50;9;09:50;0;0;0;0;0
8283X;2013-09-09;27.5;13:40;18.4;02:10;22.9;18;14:20;10;14:10;0;0;0;0;0
8283X;2013-09-10;32.0;16:10;16.6;06:30;24.3;36;17:40;14;17:20;19;0;0;17.6;1.4
8283X;2013-09-11;23.9;12:10;17.8;01:30;20.8;29;15:00;13;11:40;0;0;0;0;0
8283X;2013-09-12;26.3;15:40;17.7;06:00;22;18;18:30;9;16:20;0.2;0;0.2;0;0
8283X;2013-09-13;27.4;14:40;18.9;04:40;23.1;20;14:50;9;15:10;0;0;0;0;0
8283X;2013-09-14;30.0;17:00;15.6;07:30;22.8;18;17:10;8;17:10;0;0;0;0;0
8283X;2013-09-15;31.0;15:30;17.6;07:40;24.3;18;17:20;9;17:20;0;0;0;0;0
8283X;2013-09-16;32.0;17:20;19.3;06:40;25.6;28;17:00;9;17:00;0;0;0;0;0
8283X;2013-09-17;30.2;15:10;17.2;08:10;23.7;32;15:30;12;15:30;0;0;0;0;0
8283X;2013-09-18;31.1;15:50;20.0;03:30;25.6;21;15:20;9;15:30;0;0;0;0;0
8283X;2013-09-19;29.5;15:40;17.0;23:59;23.3;29;16:30;11;16:30;0;0;0;0;0
8283X;2013-09-20;28.9;15:50;14.1;07:30;21.5;19;17:30;8;17:50;0;0;0;0;0
8283X;2013-09-21;28.4;15:30;17.3;08:20;22.8;19;16:10;9;17:50;0;0;0;0;0
8283X;2013-09-22;28.6;16:00;16.8;08:30;22.7;18;18:10;9;16:30;0;0;0;0;0
8283X;2013-09-23;29.1;15:30;15.2;07:50;22.2;19;15:40;9;15:40;0;0;0;0;0
8283X;2013-09-24;30.9;16:10;14.6;07:40;22.8;16;16:10;8;17:00;0;0;0;0;0
8283X;2013-09-25;31.6;16:50;14.8;06:20;23.2;14;13:40;8;15:30;0;0;0;0;0
8283X;2013-09-26;28.2;16:30;19.2;07:10;;37;18:40;21;18:40;;0;0;0;
8283X;2013-09-27;31.0;17:30;15.5;07:20;;18;23:10;12;20:10;;;;;
8283X;2013-09-28;25.9;17:00;17.1;08:00;;37;17:00;21;22:00;;;;;
8283X;2013-09-29;23.0;15:20;16.5;08:10;;57;16:40;31;16:40;;;;;
8283X;2013-09-30;25.6;15:10;17.3;05:40;;37;07:50;16;14:10;;;;;
8283X;2013-10-01;28.5;14:40;19.6;02:50;;59;12:20;18;16:40;;;;;
8283X;2013-10-02;33.1;17:00;17.1;08:20;;26;17:40;13;18:50;0;0;0;0;0
8283X;2013-10-03;28.2;16:10;20.8;06:00;24.5;20;17:10;9;16:40;0;0;0;0;0
8283X;2013-10-04;31.4;16:40;18.6;23:59;25;18;17:10;9;17:50;0.4;0.2;0;0.2;0
8283X;2013-10-05;28.0;15:10;16.3;08:30;22.1;19;16:40;9;16:30;0;0;0;0;0
8283X;2013-10-06;24.5;16:00;16.3;00:40;20.4;20;13:00;10;13:00;0;0;0;0;0
8283X;2013-10-07;25.2;15:40;15.2;03:10;20.2;20;14:30;9;16:10;0;0;0;0;0
8283X;2013-10-08;26.5;16:50;14.0;08:20;;22;17:50;12;14:20;;;;;
8283X;2013-10-09;25.4;15:50;13.9;05:20;;23;16:50;13;16:40;;;;;
8283X;2013-10-10;27.7;16:50;10.7;08:40;;26;14:50;12;16:00;;;;;
8283X;2013-10-11;27.3;15:40;9.5;08:10;;27;15:00;14;18:00;;;;;
8283X;2013-10-12;27.3;16:50;16.0;08:30;;25;17:10;17;14:00;;;;;
8283X;2013-10-13;24.3;16:10;11.9;06:10;;31;15:10;16;13:40;;;0;0;0
8283X;2013-10-14;27.1;15:30;12.0;06:20;19.6;18;16:00;5;03:00;0;0;0;0;0
8283X;2013-10-15;27.9;14:20;14.0;08:20;20.9;33;13:20;11;13:20;0;0;0;0;0
8283X;2013-10-16;31.7;16:20;15.7;08:20;23.7;24;15:00;9;14:50;0;0;0;0;0
8283X;2013-10-17;28.0;15:40;12.2;08:10;20.1;18;14:20;9;16:20;0;0;0;0;0
8283X;2013-10-18;29.3;16:10;13.2;08:30;21.2;15;15:20;6;15:20;0;0;0;0;0
8283X;2013-10-19;28.7;15:00;13.0;07:50;20.9;17;16:30;7;16:30;0;0;0;0;0
8283X;2013-10-20;25.7;12:20;13.3;06:20;19.5;14;13:10;6;12:20;0;0;0;0;0
8283X;2013-10-21;27.6;15:20;11.6;08:20;19.6;17;16:00;7;17:40;0;0;0;0;0
8283X;2013-10-22;26.5;15:50;10.3;08:20;18.4;21;16:50;6;17:10;0.2;0;0;0;0.2
8283X;2013-10-23;23.8;16:50;14.1;23:59;;36;14:50;14;13:20;;0;0.2;;
8283X;2013-10-24;28.0;15:50;11.5;07:30;;26;17:10;16;17:10;;;;;
8283X;2013-10-25;28.3;16:20;10.5;08:20;;31;18:10;17;15:50;;;;;
8283X;2013-10-26;27.1;15:50;14.2;08:40;;15;15:10;10;17:20;;;;;
8283X;2013-10-27;28.9;15:40;9.6;08:00;;24;14:20;11;15:50;;;;;
8283X;2013-10-28;29.6;14:40;7.5;07:50;;42;16:50;15;15:00;;;;;0
8283X;2013-10-29;21.9;15:50;9.0;23:20;;37;12:00;17;12:00;;0;;;
8283X;2013-10-30;18.8;16:00;3.6;07:40;;24;13:40;12;14:20;;;;;
8283X;2013-10-31;19.9;15:50;1.8;06:20;;22;13:50;10;14:10;;;;;
8283X;2013-11-01;23.6;16:30;8.4;08:40;;14;11:10;8;11:10;;;;;
8283X;2013-11-02;24.9;15:50;8.2;07:50;;37;13:50;17;14:20;;;;;
8283X;2013-11-03;21.2;16:00;7.7;05:30;;32;15:40;20;13:10;;;0;;
8283X;2013-11-04;18.9;11:30;11.1;00:50;;77;19:30;39;20:00;;;;;
8283X;2013-11-05;23.2;15:00;16.8;05:30;;67;03:10;33;18:00;;;;;
8283X;2013-11-06;26.5;15:30;11.9;23:59;;32;00:20;19;13:00;;;;;
8283X;2013-11-07;26.3;14:50;6.8;07:50;;25;14:30;14;14:20;;;;;
8283X;2013-11-08;19.6;16:00;10.4;04:40;;45;12:20;22;17:00;;;;;0
8283X;2013-11-09;19.3;15:20;11.4;08:00;;36;19:20;19;16:10;;;;;
8283X;2013-11-10;20.6;14:40;7.8;06:50;;42;03:20;23;22:30;;;;;
8283X;2013-11-11;22.0;15:30;12.8;08:10;;46;14:40;21;06:10;;;;;
8283X;2013-11-12;23.4;16:20;5.4;08:10;;18;14:50;10;15:00;;;;;
8283X;2013-11-13;16.5;12:30;7.4;03:10;;9;13:10;5;13:20;;;;;
8283X;2013-11-14;20.2;15:40;8.7;08:10;;28;19:00;17;19:00;;;0;0;0
8283X;2013-11-15;15.5;14:40;3.0;23:59;9.3;28;13:50;9;13:50;0;0;0;0;0
8283X;2013-11-16;11.4;14:30;0.7;08:00;6;14;14:50;6;15:00;20.6;7;13.4;0.2;0
8283X;2013-11-17;13.8;14:20;1.4;08:00;7.6;17;10:30;8;10:30;0;0;0;0;0
8283X;2013-11-18;13.9;13:20;4.3;06:10;9.1;31;10:00;11;16:20;2.2;0;0;0;2.2
8283X;2013-11-19;17.0;13:20;7.8;08:00;12.4;26;10:00;9;09:00;0.2;0;0.2;0;0
8283X;2013-11-20;13.4;15:20;2.9;06:50;8.1;30;23:00;12;23:00;0;0;0;0;0
8283X;2013-11-22;13.6;15:50;4.3;07:20;;39;00:50;18;15:20;;;;;
8283X;2013-11-23;13.2;14:30;0.5;05:10;;38;14:10;21;13:30;;;;;
8283X;2013-11-24;14.0;15:50;-1.7;08:20;;26;04:20;14;04:10;;;;;
8283X;2013-11-25;15.4;15:40;-4.3;08:00;;18;16:10;9;13:50;;;;;
8283X;2013-11-26;12.8;15:30;-5.1;08:10;;19;15:40;11;14:40;;;;;0
8283X;2013-11-27;14.7;14:00;0.9;07:10;7.8;18;18:40;7;18:30;5.2;0;0;0;5.2
8283X;2013-11-28;7.2;15:10;1.1;23:20;4.1;25;05:30;8;05:40;17;4.4;7.8;4.6;0.2
8283X;2013-11-29;10.0;15:00;-0.3;05:50;4.8;13;12:40;6;12:30;0;0;0;0;0
8283X;2013-11-30;11.9;15:00;-0.3;02:20;5.8;42;23:30;13;23:30;0.6;0;0;0.2;0.4
8283X;2013-12-01;9.1;17:00;2.3;23:59;5.7;33;08:40;10;07:20;1;0.8;0.2;0;0
8283X;2013-12-02;13.5;15:50;-4.4;08:00;;18;16:40;8;17:50;;0;0;;
8283X;2013-12-03;11.9;13:50;1.5;09:10;;9;14:30;4;14:20;;;;;
8283X;2013-12-04;16.5;15:40;-0.2;07:50;;9;12:10;4;11:00;;;;;
8283X;2013-12-05;16.6;15:40;-4.8;08:10;;10;16:10;6;16:00;;;;;
8283X;2013-12-06;16.2;15:40;-4.9;08:20;;9;12:30;4;12:50;;;;;
8283X;2013-12-07;15.8;15:50;-5.6;08:10;;7;12:10;4;15:20;;;;0;0
8283X;2013-12-08;13.5;15:00;-0.1;08:20;6.7;10;15:40;4;15:40;0;0;0;0;0
8283X;2013-12-09;14.2;14:40;2.9;23:59;8.5;10;12:40;5;12:40;0;0;0;0;0
8283X;2014-01-08;16.8;14:30;2.8;08:20;9.8;12;15:40;6;15:50;0;0;0;0;0
8283X;2014-01-09;14.6;12:00;1.0;04:10;7.8;11;13:30;5;14:20;0;0;0;0;0
8283X;2014-01-10;8.2;12:50;2.6;00:50;5.4;9;13:10;5;13:20;0.6;0;0;0.2;0.4
8283X;2014-01-11;10.4;13:20;7.4;23:59;8.9;5;23:50;3;23:50;3.4;0;0;3.4;0
8283X;2014-01-12;19.8;15:30;3.8;08:20;11.8;25;20:20;14;20:20;0;0;0;0;0
8283X;2014-01-13;13.1;12:50;5.6;22:20;9.4;23;13:00;7;13:00;0.8;0;0;0.8;0
8283X;2014-01-14;13.6;15:30;6.3;00:00;10;35;04:20;16;05:30;0.2;0;0;0.2;0
8283X;2014-01-15;17.5;15:30;6.2;08:40;11.8;23;14:20;7;14:20;0;0;0;0;0
8283X;2014-01-16;15.8;15:10;8.1;02:00;12;24;13:40;7;13:40;0;0;0;0;0
8283X;2014-01-17;16.0;14:50;3.1;08:50;9.5;23;16:50;8;16:30;0;0;0;0;0
8283X;2014-01-18;16.7;14:00;5.9;01:10;11.3;25;13:00;12;12:50;3.4;0;1.2;0;2.2
8283X;2014-01-19;11.0;14:50;3.1;08:20;7;27;22:30;7;22:20;0;0;0;0;0
8283X;2014-01-20;12.4;14:40;5.3;23:59;8.8;54;13:20;19;13:20;0;0;0;0;0
8283X;2014-01-21;13.8;14:40;4.5;07:30;9.2;27;15:00;11;04:00;0;0;0;0;0
8283X;2014-01-22;15.0;15:30;6.6;00:00;10.8;26;10:50;8;11:30;1.2;0.2;1;0;0
8283X;2014-01-23;15.0;15:10;3.9;08:40;9.5;20;19:00;8;14:40;0;0;0;0;0
8283X;2014-01-24;18.0;14:10;3.8;04:50;10.9;29;16:20;9;09:40;0;0;0;0;0
8283X;2014-01-25;20.1;14:20;9.2;23:59;14.7;32;20:00;10;01:40;0;0;0;0;0
8283X;2014-01-26;22.4;14:20;7.5;08:10;14.9;40;19:10;11;18:00;0;0;0;0;0
8283X;2014-01-27;18.2;12:30;9.4;22:30;13.8;50;04:40;17;08:30;0;0;0;0;0
8283X;2014-01-28;12.4;12:40;5.3;08:00;8.8;38;14:30;13;14:50;0;0;0;0;0
8283X;2014-01-29;15.2;13:50;5.3;20:00;10.3;34;14:30;12;14:30;0.4;0.4;0;0;0
8283X;2014-01-30;13.5;15:20;2.2;08:40;7.9;30;15:50;10;15:40;0;0;0;0;0
8283X;2014-01-31;16.0;15:30;2.0;00:40;9;25;04:20;9;10:20;0;0;0;0;0
8283X;2014-02-01;17.1;13:40;7.3;23:59;12.2;42;11:20;17;12:00;0;0;0;0;0
8283X;2014-02-02;14.6;15:20;3.2;07:50;8.9;21;01:00;8;23:00;0;0;0;0;0
8283X;2014-02-03;13.7;13:30;0.2;04:50;6.9;30;18:10;13;18:10;0;0;0;0;0
8283X;2014-02-04;15.9;15:20;4.6;06:10;10.2;31;13:30;14;00:20;0;0;0;0;0
8283X;2014-02-05;18.1;14:00;10.4;06:40;14.3;50;15:40;19;16:10;0.2;0;0.2;0;0
8283X;2014-02-06;23.6;15:00;9.9;07:20;16.8;31;15:30;13;15:30;0;0;0;0;0
8283X;2014-02-07;15.6;15:00;8.6;08:00;12.1;54;11:20;18;12:50;0;0;0;0;0
8283X;2014-02-08;19.9;16:00;9.5;04:30;14.7;48;20:30;19;19:20;0;0;0;0;0
8283X;2014-02-09;16.1;13:20;4.2;08:20;10.2;45;23:59;13;23:59;0;0;0;0;0
8283X;2014-02-10;16.4;00:30;6.9;23:59;11.6;55;07:30;19;13:00;1.6;1.6;0;0;0
8283X;2014-02-11;9.6;21:30;3.5;08:30;6.6;40;00:30;15;06:10;0;0;0;0;0
8283X;2014-02-12;17.5;15:40;3.4;08:10;10.5;39;23:50;18;23:50;0;0;0;0;0
8283X;2014-02-13;22.2;15:50;12.6;02:10;17.4;40;14:10;17;15:10;0;0;0;0;0
8283X;2014-02-14;25.4;14:50;10.4;23:30;17.9;32;10:30;10;11:40;0;0;0;0;0
8283X;2014-02-15;24.1;15:20;7.9;08:00;16;31;15:40;8;16:30;0;0;0;0;0
8283X;2014-02-16;16.1;13:00;7.1;07:40;11.6;23;14:40;9;14:40;1.4;0;0;1.2;0.2
8283X;2014-02-17;10.0;12:30;6.4;06:50;8.2;13;18:10;5;15:00;0.4;0;0.2;0;0.2
8283X;2014-02-18;12.7;14:30;7.4;06:10;10;15;22:10;5;13:10;1.6;1.6;0;0;0
8283X;2014-02-19;17.9;15:40;5.3;23:59;11.6;18;17:30;8;17:30;0;0;0;0;0
8283X;2014-02-20;21.9;14:40;5.2;00:10;13.5;29;15:30;10;18:40;0;0;0;0;0
8283X;2014-02-21;17.3;12:30;7.2;23:59;12.2;32;12:50;13;13:10;0;0;0;0;0
8283X;2014-02-22;17.3;16:20;2.8;07:50;10;23;11:40;9;13:10;0;0;0;0;0
8283X;2014-02-23;19.0;14:40;2.4;08:00;10.7;28;13:10;15;13:20;0;0;0;0;0
8283X;2014-02-24;15.2;15:00;0.8;05:40;8;15;18:10;8;23:59;0;0;0;0;0
8283X;2014-02-25;17.7;14:50;5.1;07:50;11.4;31;20:50;9;15:00;0;0;0;0;0
8283X;2014-02-26;17.0;13:10;4.0;23:40;10.5;35;13:50;12;14:50;0;0;0;0;0
8283X;2014-02-27;15.6;12:10;1.4;06:30;8.5;23;11:10;9;13:20;1;0;0;1;0
8283X;2014-02-28;17.1;15:20;6.0;00:30;11.6;43;11:40;16;11:30;0;0;0;0;0
8283X;2014-03-01;14.8;18:00;7.1;03:50;11;43;17:00;12;15:40;0;0;0;0;0
8283X;2014-03-02;21.2;13:30;14.3;00:00;17.8;37;02:50;13;04:00;0;0;0;0;0
8283X;2014-03-03;16.6;13:40;10.3;23:59;13.5;54;11:20;21;16:20;0;0;0;0;0
8283X;2014-03-04;16.9;15:50;8.3;06:40;12.6;50;01:00;19;01:00;0;0;0;0;0
8283X;2014-03-05;20.8;14:10;7.4;23:59;14.1;36;07:00;11;09:10;0;0;0;0;0
8283X;2014-03-06;22.0;14:40;3.6;07:30;12.8;30;15:50;11;16:00;0;0;0;0;0
8283X;2014-03-07;20.6;15:50;5.3;05:30;13;19;18:30;7;15:50;0;0;0;0;0
8283X;2014-03-08;21.0;14:30;4.0;07:40;12.5;21;17:30;9;15:00;0;0;0;0;0
8283X;2014-03-09;16.3;14:50;2.4;02:50;9.3;26;14:20;10;16:30;0;0;0;0;0
8283X;2014-03-10;16.9;14:20;5.8;23:50;;23;18:20;10;15:40;;0;;;
8283X;2014-03-11;18.6;14:30;1.4;07:30;10;27;16:00;14;15:40;0;0;0;0;0
8283X;2014-03-12;11.0;11:30;5.9;01:10;8.5;24;11:00;8;11:20;3.2;0.4;1.4;1.4;0
8283X;2014-03-13;10.5;17:00;7.1;05:30;8.8;20;13:10;7;13:10;22.6;17;2.8;2.8;0
8283X;2014-03-14;15.8;14:50;4.7;23:59;10.3;28;16:20;9;15:40;0.2;0.2;0;0;0
8283X;2014-03-15;20.6;16:20;3.5;03:50;12.1;18;15:00;8;15:00;0;0;0;0;0
8283X;2014-03-16;24.4;16:20;6.3;06:30;15.3;17;02:00;8;12:00;0;0;0;0;0
8283X;2014-03-17;27.0;14:50;7.0;07:20;17;19;18:20;9;16:50;0;0;0;0;0
8283X;2014-03-18;24.1;14:30;9.6;04:50;16.9;21;16:00;10;16:00;0;0;0;0;0
8283X;2014-03-19;19.0;15:10;9.3;05:50;14.2;23;15:00;10;15:00;0;0;0;0;0
8283X;2014-03-20;23.3;16:20;8.7;05:40;;29;16:50;16;16:00;;;;;
8283X;2014-03-21;19.1;14:40;7.2;06:20;;43;15:20;24;14:50;;;0;1.2;0.4
8283X;2014-03-22;24.7;15:40;13.2;02:20;;34;17:50;15;17:50;;;;;
8283X;2014-03-23;19.1;15:30;9.0;23:59;;32;08:30;16;09:20;;;;;
8283X;2014-03-24;23.4;15:40;3.6;06:10;13.5;38;21:00;13;14:30;0;0;0;0;0
8283X;2014-03-25;19.8;16:30;6.7;23:00;13.2;48;20:20;17;17:00;3;0;0;0;3
8283X;2014-03-26;14.9;14:20;5.6;05:50;10.2;41;15:10;14;15:10;0.8;0;0.2;0.6;0
8283X;2014-03-27;20.1;15:00;2.4;06:40;11.3;38;18:10;15;18:10;0;0;0;0;0
8283X;2014-03-28;16.0;14:40;2.6;06:40;9.3;31;23:30;13;23:30;0;0;0;0;0
8283X;2014-03-29;15.0;13:40;10.1;06:20;12.6;29;14:00;12;12:30;0.2;0;0.2;0;0
8283X;2014-03-30;16.4;17:10;7.5;23:59;11.9;16;12:00;5;05:50;4.2;0.8;3.4;0;0
8283X;2014-03-31;23.1;15:20;6.2;08:00;14.7;26;17:10;11;18:00;0;0;0;0;0
8283X;2014-04-01;17.7;14:00;6.0;04:20;11.9;17;16:20;8;15:40;0;0;0;0;0
8283X;2014-04-02;13.9;16:10;10.5;09:50;12.2;14;11:10;5;11:10;1.4;0;0.8;0;0.6
8283X;2014-04-03;19.4;17:00;9.4;08:00;14.4;40;15:00;14;15:00;11;9.2;1.6;0.2;0
8283X;2014-04-04;21.9;16:20;11.2;07:00;16.5;50;21:50;15;21:30;0;0;0;0;0
8283X;2014-04-05;25.4;16:20;13.8;05:00;19.6;39;06:10;16;06:10;0;0;0;0;0
8283X;2014-04-06;27.3;16:50;12.0;07:40;19.6;22;17:30;9;19:10;0;0;0;0;0
8283X;2014-04-08;26.2;14:00;10.3;07:40;18.3;23;15:30;10;14:50;0;0;0;0;0
8283X;2014-04-09;24.5;16:50;13.2;04:10;18.8;19;16:40;8;17:50;0;0;0;0;0
8283X;2014-04-10;28.7;15:40;9.3;07:50;19;38;18:10;14;18:10;0.2;0;0;0;0.2
8283X;2014-04-11;30.3;16:10;13.2;07:10;21.7;52;16:40;23;16:50;3.2;1.4;0;0.2;1.6
8283X;2014-04-12;21.5;15:40;12.1;23:59;16.8;28;17:00;10;16:40;0;0;0;0;0
8283X;2014-04-13;25.7;16:30;8.0;07:40;16.9;21;15:00;9;14:30;0;0;0;0;0
8283X;2014-04-14;25.8;17:30;8.9;07:30;17.3;19;19:10;9;18:30;0;0;0;0;0
8283X;2014-04-15;29.2;15:00;11.0;07:40;20.1;20;15:10;9;15:30;0;0;0;0;0
8283X;2014-04-16;28.0;17:10;11.2;07:40;19.6;20;18:50;8;18:50;0;0;0;0;0
8283X;2014-04-17;25.8;16:20;13.1;07:40;19.4;22;16:50;10;16:50;0.6;0;0.6;0;0
8283X;2014-04-19;32.4;14:30;13.7;04:50;23.1;39;17:10;21;17:10;0;0;0;0;0
8283X;2014-04-20;25.6;17:00;11.8;02:30;18.7;36;14:00;13;12:40;0;0;0;0;0
8283X;2014-04-21;24.7;17:00;9.9;07:30;17.3;29;14:10;13;18:10;0.2;0;0;0;0.2
8283X;2014-04-22;25.6;16:50;11.4;07:50;18.5;33;19:20;11;13:10;0;0;0;0;0
8283X;2014-04-23;28.0;16:30;11.1;07:10;19.6;26;15:10;12;02:10;0;0;0;0;0
8283X;2014-04-24;29.9;15:50;11.5;03:10;20.7;35;20:30;12;19:00;0;0;0;0;0
8283X;2014-04-25;22.8;16:50;10.7;07:00;16.7;40;05:20;15;14:10;0;0;0;0;0
8283X;2014-04-26;28.5;16:30;12.5;07:40;20.5;39;16:20;13;18:20;0;0;0;0;0
8283X;2014-04-27;27.4;15:40;15.3;07:40;21.3;34;00:50;12;00:50;0;0;0;0;0
8283X;2014-04-28;30.6;15:50;11.5;04:00;21.1;27;18:10;11;18:10;0;0;0;0;0
8283X;2014-04-29;28.6;14:40;9.8;07:10;19.2;24;16:00;11;15:00;0;0;0;0;0
8283X;2014-04-30;29.0;15:30;9.8;07:10;19.4;23;17:30;12;17:30;0;0;0;0;0
8283X;2014-05-01;28.2;15:30;10.7;07:10;19.5;34;19:30;15;19:30;0;0;0;0;0
8283X;2014-05-02;27.2;16:20;11.0;07:30;19.1;28;17:00;13;17:00;0;0;0;0;0
8283X;2014-05-03;25.2;16:10;6.9;07:20;16.1;28;16:30;11;16:50;0;0;0;0;0
8283X;2014-05-04;25.5;14:20;8.2;07:20;16.8;28;16:00;12;15:20;0;0;0;0;0
8283X;2014-05-05;29.1;16:30;13.5;07:10;21.3;23;18:40;10;17:50;0;0;0;0;0
8283X;2014-05-06;29.5;17:20;11.2;07:30;20.3;22;15:30;10;20:40;0;0;0;0;0
8283X;2014-05-07;26.5;13:40;10.0;07:00;18.3;22;16:00;9;16:00;0;0;0;0;0
8283X;2014-05-08;26.8;15:50;14.9;06:50;20.8;23;16:00;10;16:10;0;0;0;0;0
8283X;2014-05-09;28.1;15:20;14.1;07:20;21.1;26;17:50;10;15:40;0;0;0;0;0
8283X;2014-05-10;35.1;16:20;13.1;04:40;24.1;28;19:30;10;19:00;0;0;0;0;0
8283X;2014-05-11;30.4;14:50;18.7;23:59;24.6;26;17:10;13;17:10;0;0;0;0;0
8283X;2014-05-12;26.4;16:10;16.2;05:30;21.3;24;17:30;11;17:30;0;0;0;0;0
8283X;2014-05-13;22.1;15:50;13.5;23:59;17.8;24;19:20;13;12:50;;0.2;;0.2;0
8283X;2014-05-14;23.6;16:30;9.4;05:30;16.5;22;14:00;9;15:20;0;0;0;0;0
8283X;2014-05-15;25.7;16:10;10.8;04:00;18.3;22;16:50;10;17:30;0;0;0;0;0
8283X;2014-05-16;25.3;16:00;10.5;07:20;17.9;23;17:40;11;18:10;0;0;0;0;0
8283X;2014-05-17;23.1;15:20;8.1;07:10;15.6;29;16:30;12;17:10;0;0;0;0;0
8283X;2014-05-18;23.0;17:10;13.9;05:10;18.4;22;15:40;11;15:40;0;0;0;0;0
8283X;2014-05-19;30.1;15:20;11.3;06:50;20.7;50;19:20;22;18:20;0;0;0;0;0
8283X;2014-05-20;25.9;18:00;13.3;06:10;19.6;32;01:30;14;01:00;0;0;0;0;0
8283X;2014-05-21;28.2;12:50;14.2;07:10;21.2;40;13:20;13;13:30;0;0;0;0;0
8283X;2014-05-22;25.6;16:00;13.8;07:30;19.7;31;17:20;13;17:20;0;0;0;0;0
8283X;2014-05-23;27.2;15:10;9.9;06:40;18.6;30;17:40;11;15:30;0;0;0;0;0
8283X;2014-05-24;24.2;13:30;11.0;05:40;17.6;30;16:50;12;16:50;0;0;0;0;0
8283X;2014-05-25;26.5;14:20;10.9;06:40;18.7;23;16:20;8;13:10;10.2;0;0;8.2;2
8283X;2014-05-26;27.9;15:50;11.9;06:40;19.9;35;12:00;11;18:40;0.2;0;0.2;0;0
8283X;2014-05-27;25.1;14:00;14.3;07:00;19.7;33;19:30;16;19:30;0.6;0;0;0;0.6
8283X;2014-05-28;26.9;17:00;13.2;06:30;;44;17:00;22;15:40;;0;;;0.8
8283X;2014-05-29;27.7;16:40;10.8;07:00;19.3;27;18:20;10;18:30;0;0;0;0;0
8283X;2014-05-30;26.5;12:00;13.0;06:30;19.8;29;15:50;13;15:50;0;0;0;0;0
8283X;2014-05-31;18.5;10:20;12.2;23:59;15.3;19;10:30;7;10:50;5.6;0;1.6;4;0
8283X;2014-06-01;23.1;16:10;11.0;03:20;17.1;23;15:20;10;15:40;0;0;0;0;0
8283X;2014-06-02;26.9;15:50;10.5;06:40;18.7;28;18:10;12;16:40;0;0;0;0;0
8283X;2014-06-03;33.7;17:10;11.1;05:50;22.4;29;17:00;10;15:00;0;0;0;0;0
8283X;2014-06-04;35.8;16:20;14.4;04:40;25.1;28;17:40;12;20:00;0;0;0;0;0
8283X;2014-06-05;25.3;16:30;17.6;05:30;21.4;20;13:50;8;13:50;0;0;0;0;0
8283X;2014-06-06;29.8;17:20;16.6;02:40;23.2;25;17:50;12;19:20;0;0;0;0;0
8283X;2014-06-07;32.7;16:30;17.9;06:20;25.3;20;18:40;10;18:40;0;0;0;0;0
8283X;2014-06-08;31.5;16:40;14.9;06:40;23.2;23;17:30;11;17:10;0;0;0;0;0
8283X;2014-06-09;30.3;16:20;19.1;03:10;24.7;26;17:30;10;15:30;0;0;0;0;0
8283X;2014-06-10;31.2;16:00;16.1;06:50;23.7;24;16:10;11;18:10;0;0;0;0;0
8283X;2014-06-11;30.6;14:30;17.3;07:00;23.9;32;15:50;13;14:50;0;0;0;0;0
8283X;2014-06-12;33.9;15:50;15.1;06:40;24.5;28;18:50;12;16:40;0;0;0;0;0
8283X;2014-06-13;35.8;15:40;17.8;04:20;26.8;40;17:00;13;17:00;0;0;0;0;0
8283X;2014-06-14;36.1;16:10;17.1;06:20;26.6;26;16:40;11;14:20;0;0;0;0;0
8283X;2014-06-15;28.1;14:20;18.3;07:10;23.2;28;13:40;12;13:40;0;0;0;0;0
8283X;2014-06-16;27.6;14:20;16.5;23:59;22.1;26;19:10;11;19:00;3;0;0;3;0
8283X;2014-06-17;26.5;13:20;13.6;06:40;20.1;29;14:20;13;14:30;2.4;0;0;2.4;0
8283X;2014-06-18;28.9;16:50;14.7;06:40;21.8;26;15:00;10;16:20;0;0;0;0;0
8283X;2014-06-19;28.4;16:10;18.0;04:50;23.2;24;16:20;11;15:40;0;0;0;0;0
8283X;2014-06-20;30.2;16:10;17.8;07:00;24;27;16:50;13;16:20;0;0;0;0;0
8283X;2014-06-21;32.4;15:40;14.9;06:40;23.7;23;15:50;11;16:50;0;0;0;0;0
8283X;2014-06-22;33.0;17:20;16.5;06:50;24.8;30;17:40;10;19:00;0;0;0;0;0
8283X;2014-06-23;29.7;16:10;16.8;05:10;23.3;21;18:00;9;17:00;0;0;0;0;0
8283X;2014-06-24;29.0;16:20;15.8;08:30;22.4;35;05:20;12;16:30;11;2;8.6;0;0.4
8283X;2014-06-25;25.4;16:20;15.8;05:30;20.6;26;09:40;10;09:50;0;0;0;0;0
8283X;2014-06-26;29.3;16:50;16.0;06:10;22.6;32;18:50;14;18:50;0.2;0;0;0.2;0
8283X;2014-06-27;34.4;14:50;14.7;06:40;24.6;35;17:50;13;16:50;0;0;0;0;0
8283X;2014-06-28;38.6;16:00;15.5;06:50;27;30;15:30;10;17:10;0;0;0;0;0
8283X;2014-06-29;33.7;17:00;20.7;23:59;27.2;29;16:40;10;17:50;0;0;0;0;0
8283X;2014-06-30;32.5;15:50;18.9;07:10;25.7;42;17:00;18;16:40;0;0;0;0;0
8283X;2014-07-01;37.1;16:40;16.4;06:40;26.7;28;15:40;10;22:10;0;0;0;0;0
8283X;2014-07-02;27.5;13:20;16.7;07:30;22.1;33;15:30;12;15:20;0;0;0;0;0
8283X;2014-07-03;28.7;15:00;18.5;04:00;23.6;35;14:40;14;13:20;0;0;0;0;0
8283X;2014-07-04;33.9;17:30;16.8;05:10;25.4;34;16:10;13;14:00;0;0;0;0;0
8283X;2014-07-05;37.5;16:00;17.8;06:50;27.6;38;18:40;17;18:50;0;0;0;0;0
8283X;2014-07-06;35.9;13:10;22.3;07:20;29.1;30;04:00;8;02:50;0;0;0;0;0
8283X;2014-07-07;33.1;16:30;20.3;23:59;26.7;42;16:40;14;17:30;0;0;0;0;0
8283X;2014-07-08;33.3;16:00;18.8;04:50;26;24;16:50;10;16:50;0;0;0;0;0
8283X;2014-07-09;29.2;15:40;20.6;06:10;24.9;26;17:40;13;16:50;0;0;0;0;0
8283X;2014-07-10;31.5;16:30;19.0;07:10;25.3;25;20:10;10;17:30;0;0;0;0;0
8283X;2014-07-11;31.2;15:30;14.9;06:40;23.1;26;14:50;11;15:40;0;0;0;0;0
8283X;2014-07-12;30.9;15:20;15.7;07:00;23.3;24;16:50;11;16:50;0;0;0;0;0
8283X;2014-07-13;36.7;15:40;17.7;07:10;27.2;29;15:20;9;15:50;0;0;0;0;0
8283X;2014-07-14;31.1;16:20;17.7;07:20;;31;17:30;19;18:50;;;;0;0
8283X;2014-07-15;32.9;16:30;20.7;07:30;26.8;23;15:40;10;15:30;0;0;0;0;0
8283X;2014-07-16;34.3;16:10;17.3;06:40;;26;17:30;13;17:30;;0;;;
8283X;2014-07-17;40.1;16:20;20.4;07:30;30.2;25;18:30;10;19:20;0;0;0;0;0
8283X;2014-07-18;32.3;16:50;21.1;06:00;26.7;23;14:40;10;13:40;0;0;0;0;0
8283X;2014-07-19;39.1;15:30;20.3;07:00;29.7;33;14:20;11;14:00;0;0;0;0;0
8283X;2014-07-20;33.3;16:10;21.1;07:20;27.2;34;15:30;12;16:40;0;0;0;0;0
8283X;2014-07-21;36.2;17:20;16.1;07:10;26.2;26;18:10;11;18:20;0;0;0;0;0
8283X;2014-07-22;35.0;16:50;17.2;07:10;26.1;25;18:00;10;15:50;0;0;0;0;0
8283X;2014-07-23;39.9;16:30;17.6;07:10;28.8;22;16:50;9;19:00;0;0;0;0;0
8283X;2014-07-24;28.6;15:00;22.1;06:50;;30;17:30;12;11:20;;;;;0
8283X;2014-07-25;31.7;15:40;22.0;07:30;26.9;26;14:10;13;16:40;0;0;0;0;0
8283X;2014-07-26;33.5;16:10;19.7;04:40;26.6;24;16:20;11;15:30;0;0;0;0;0
8283X;2014-07-27;36.7;15:20;20.9;07:30;28.8;24;16:10;12;16:00;0;0;0;0;0
8283X;2014-07-28;35.5;14:40;18.8;07:20;;28;18:00;16;16:40;;0;;;
8283X;2014-07-29;31.6;15:50;20.7;07:30;26.2;28;16:50;12;19:00;0;0;0;0;0
8283X;2014-07-30;36.7;15:50;18.2;06:00;27.5;24;14:30;9;14:30;0;0;0;0;0
8283X;2014-07-31;39.3;16:30;19.3;07:20;29.3;32;17:50;12;18:10;0;0;0;0;0
8283X;2014-08-01;36.3;15:20;20.6;07:00;28.4;27;16:10;11;16:20;0;0;0;0;0
8283X;2014-08-02;35.4;16:40;19.9;07:30;27.7;28;14:20;11;21:30;0;0;0;0;0
8283X;2014-08-03;36.0;14:50;18.4;06:50;27.2;30;16:10;14;16:10;0;0;0;0;0
8283X;2014-08-04;33.9;16:00;19.9;06:50;26.9;27;17:30;12;15:40;0;0;0;0;0
8283X;2014-08-05;32.6;15:50;21.5;07:40;27;25;17:30;12;18:00;0;0;0;0;0
8283X;2014-08-06;36.5;15:40;21.6;04:20;29.1;20;17:30;9;16:30;0;0;0;0;0
8283X;2014-08-07;34.9;16:30;21.6;07:40;28.3;25;17:40;13;17:30;0;0;0;0;0
8283X;2014-08-08;36.6;18:30;21.1;06:50;28.8;26;18:40;11;19:20;0;0;0;0;0
8283X;2014-08-09;33.9;15:50;19.6;06:30;26.8;26;16:50;11;16:00;0;0;0;0;0
8283X;2014-08-10;41.3;16:50;19.4;07:00;30.3;28;17:10;10;19:20;0;0;0;0;0
8283X;2014-08-11;35.3;15:40;21.6;07:10;28.4;26;16:50;13;18:30;0;0;0;0;0
8283X;2014-08-12;34.2;15:50;23.0;06:40;28.6;23;18:00;11;16:00;0;0;0;0;0
8283X;2014-08-13;36.9;14:00;22.0;04:00;29.5;31;14:50;14;15:00;0;0;0;0;0
8283X;2014-08-14;28.2;16:50;21.2;10:50;24.7;26;17:40;12;18:10;0;0;0;0;0
8283X;2014-08-15;31.8;14:00;20.9;05:40;26.3;27;14:40;12;14:50;0;0;0;0;0
8283X;2014-08-16;23.7;00:00;18.6;09:50;21.2;21;14:40;9;14:40;2.8;0;2.6;0.2;0
8283X;2014-08-17;31.0;15:10;17.7;02:30;24.4;21;18:20;9;18:50;0;0;0;0;0
8283X;2014-08-18;31.2;14:50;16.1;06:10;23.7;22;16:30;11;15:20;0;0;0;0;0
8283X;2014-08-19;32.5;14:10;17.1;07:20;24.8;25;18:20;11;16:30;0;0;0;0;0
8283X;2014-08-20;36.7;16:40;21.6;07:50;29.2;27;18:10;13;17:50;0;0;0;0;0
8283X;2014-08-21;32.3;15:40;21.0;08:00;26.6;26;17:30;12;17:10;0;0;0;0;0
8283X;2014-08-22;33.5;15:40;18.7;07:30;26.1;24;15:50;12;15:50;0;0;0;0;0
8283X;2014-08-23;29.8;16:00;21.0;06:40;25.4;26;15:50;12;16:50;0;0;0;0;0
8283X;2014-08-24;34.9;17:00;18.5;07:40;26.7;26;16:30;9;16:40;0;0;0;0;0
8283X;2014-08-25;38.7;16:30;17.5;07:30;28.1;36;19:10;15;17:40;0;0;0;0;0
8283X;2014-08-26;41.2;16:10;23.3;07:50;32.3;27;18:20;9;14:40;0;0;0;0;0
8283X;2014-08-27;36.4;15:20;20.9;07:50;28.7;24;17:00;11;17:10;0;0;0;0;0
8283X;2014-08-28;35.6;16:40;18.8;06:40;27.2;21;17:30;9;15:20;0;0;0;0;0
8283X;2014-08-29;33.5;15:00;21.8;07:40;27.6;27;17:40;12;16:10;0;0;0;0;0
8283X;2014-08-30;30.7;16:10;22.1;07:40;26.4;28;18:00;11;18:00;0;0;0;0;0
8283X;2014-08-31;32.1;15:50;20.4;07:30;26.2;24;16:20;10;15:30;0;0;0;0;0
8283X;2014-09-01;36.3;16:20;19.5;07:30;27.9;20;19:50;9;20:00;0;0;0;0;0
8283X;2014-09-02;38.2;16:20;19.3;07:20;28.8;24;17:20;10;18:10;0;0;0;0;0
8283X;2014-09-03;36.8;15:00;20.6;07:50;28.7;41;01:50;15;02:00;0;0;0;0;0
8283X;2014-09-04;35.4;16:10;19.5;07:40;27.5;23;16:50;10;17:10;0;0;0;0;0
8283X;2014-09-05;34.6;15:20;22.5;08:00;28.5;29;18:10;9;15:30;0;0;0;0;0
8283X;2014-09-06;36.4;16:10;19.7;07:40;28.1;27;16:50;10;16:40;1;0;0;0.8;0.2
8283X;2014-09-08;31.9;16:00;18.2;08:10;25.1;24;16:30;10;16:20;2.4;0;0;0;2.4
8283X;2014-09-09;30.8;15:00;21.3;06:00;26;40;17:10;12;17:10;1;0;0;1;0
8283X;2014-09-10;35.9;17:00;19.3;07:30;27.6;32;17:50;13;17:50;0;0;0;0;0
8283X;2014-09-11;35.1;15:00;18.9;08:00;27;27;14:20;9;13:30;0;0;0;0;0
8283X;2014-09-12;35.9;16:20;20.3;08:10;28.1;22;13:00;10;18:50;0;0;0;0;0
8283X;2014-09-13;33.1;15:10;19.1;05:40;26.1;33;17:10;14;18:10;0;0;0;0;0
8283X;2014-09-14;35.7;16:00;19.0;07:40;27.4;26;19:20;10;19:00;0;0;0;0;0
8283X;2014-09-15;33.9;15:30;19.6;03:00;26.8;28;14:40;9;18:30;0;0;0;0;0
8283X;2014-09-16;29.7;16:50;19.7;08:10;24.7;23;17:40;10;17:40;0;0;0;0;0
8283X;2014-09-17;33.7;16:20;16.2;07:10;25;26;17:10;12;18:20;0;0;0;0;0
8283X;2014-09-18;32.5;15:40;18.1;08:10;25.3;25;18:30;13;18:40;0;0;0;0;0
8283X;2014-09-19;32.6;16:10;16.5;07:50;24.5;29;19:30;13;17:40;0;0;0;0;0
8283X;2014-09-20;33.0;16:00;17.6;06:10;25.3;21;16:40;7;17:50;0;0;0;0;0
8283X;2014-09-21;30.9;15:50;19.3;08:10;25.1;22;17:40;10;19:20;0;0;0;0;0
8283X;2014-09-22;23.4;15:30;17.7;23:30;20.6;19;15:50;9;16:30;1;0;0.6;0;0.4
8283X;2014-09-23;29.5;14:50;14.2;08:00;21.8;22;17:00;9;15:50;0;0;0;0;0
8283X;2014-09-24;25.1;13:10;14.0;07:40;19.6;22;13:20;10;13:20;2.4;0;0;0.2;2.2
8283X;2014-09-25;23.8;13:50;15.8;23:59;19.8;21;15:00;10;15:30;0;0;0;0;0
8283X;2014-09-26;22.7;15:10;14.7;01:30;18.7;19;16:20;10;16:00;0;0;0;0;0
8283X;2014-09-27;24.4;13:30;14.7;02:30;19.5;25;13:20;12;13:40;0;0;0;0;0
8283X;2014-09-28;24.7;17:10;17.1;07:00;20.9;19;17:40;9;17:30;0;0;0;0;0
8283X;2014-09-29;26.6;17:10;17.0;21:00;21.8;39;20:20;14;20:20;30.2;0;0;0;30.2
8283X;2014-09-30;25.9;16:00;14.4;08:20;20.1;21;16:10;9;15:50;6.4;6.2;0.2;0;0
8283X;2014-10-01;22.3;15:00;18.5;06:00;20.4;24;16:50;8;17:10;0;0;0;0;0
8283X;2014-10-02;22.2;13:30;18.1;08:50;20.2;18;14:30;8;14:30;2;1;1;0;0
8283X;2014-10-03;23.1;15:50;13.8;03:50;;19;01:20;23;21:50;;0;0;;
8283X;2014-10-04;24.1;18:20;13.9;08:00;;21;17:20;31;04:50;;;;;
8283X;2014-10-05;19.6;18:00;13.0;08:40;;28;12:50;36;22:40;;;;;
8283X;2014-10-06;27.8;18:10;18.6;08:10;;42;16:50;11;17:10;;0;;;
8283X;2014-10-07;29.4;16:10;15.0;08:30;22.2;24;16:40;8;15:20;0;0;0;0;0
8283X;2014-10-08;31.1;16:00;14.3;07:50;22.7;22;17:50;8;16:00;0;0;0;0;0
8283X;2014-10-09;31.4;15:10;14.7;07:20;23;25;11:10;9;16:40;0;0;0;0;0
8283X;2014-10-10;29.8;15:10;14.1;08:10;21.9;26;15:40;11;15:40;1.4;0;0;0;1.4
8283X;2014-10-11;24.5;12:20;12.9;08:10;18.7;19;22:50;8;22:50;0;0;0;0;0
8283X;2014-10-12;26.3;14:20;13.8;08:40;20;40;00:40;16;01:10;2.2;1.2;0;1;0
8283X;2014-10-13;24.1;13:50;11.2;03:50;17.7;30;13:20;10;14:10;0;0;0;0;0
8283X;2014-10-14;21.0;15:10;12.6;08:40;;38;16:00;15;14:20;;0;3.4;0.2;
8283X;2014-10-15;23.2;17:40;12.6;08:00;17.9;30;08:20;13;08:20;0;0;0;0;0
8283X;2014-10-16;29.5;16:00;16.3;04:30;22.9;29;14:20;11;14:30;0;0;0;0;0
8283X;2014-10-17;29.8;17:00;13.1;07:30;21.4;21;17:40;7;12:10;0;0;0;0;0
8283X;2014-10-18;30.4;16:00;13.6;07:30;22;16;13:50;6;14:40;0;0;0;0;0
8283X;2014-10-19;25.7;15:10;13.3;08:40;19.5;15;15:00;6;13:20;0;0;0;0;0
8283X;2014-10-20;27.5;16:30;10.8;08:20;19.2;14;14:20;6;15:20;0;0;0;0;0
8283X;2014-10-21;32.7;15:30;14.1;05:10;23.4;12;15:20;5;12:50;0;0;0;0;0
8283X;2014-10-22;27.7;15:10;12.5;23:50;20.1;24;07:30;10;12:30;0;0;0;0;0
8283X;2014-10-23;28.4;15:10;8.7;08:30;18.5;14;14:40;5;15:20;0;0;0;0;0
8283X;2014-10-24;28.8;16:20;10.9;08:40;19.8;13;14:00;6;17:40;0;0;0;0;0
8283X;2014-10-25;30.3;14:40;13.3;08:20;;28;16:40;14;16:30;;0;0;0;
8283X;2014-10-26;27.6;13:30;12.5;07:30;20.1;20;13:10;9;13:10;0;0;0;0;0
8283X;2014-10-27;24.1;14:30;14.5;00:00;;22;16:50;13;16:50;;0;;0;0
8283X;2014-10-28;24.0;15:50;11.2;07:30;17.6;15;12:30;8;12:30;0;0;0;0;0
8283X;2014-10-29;25.8;14:20;13.2;07:50;19.5;15;16:10;7;16:10;0;0;0;0;0
8283X;2014-10-30;24.0;16:10;11.6;07:30;;17;15:00;9;17:10;;0;;;0
8283X;2014-10-31;23.9;14:50;14.7;23:59;;19;17:10;11;17:10;;0;0;0;
8283X;2014-11-01;24.4;14:20;13.2;07:40;18.8;14;15:00;7;15:00;0;0;0;0;0
8283X;2014-11-02;25.3;14:00;12.3;23:40;18.8;18;05:30;7;05:30;0;0;0;0;0
8283X;2014-11-03;25.0;14:30;10.8;01:40;17.9;29;15:10;12;17:40;0;0;0;0;0
8283X;2014-11-04;20.2;06:10;13.5;23:50;;89;03:20;46;03:20;;0.6;11.4;;
8283X;2014-11-05;17.5;14:40;8.0;06:30;12.8;35;09:30;64;03:10;;0;;0;0
8283X;2014-11-06;18.7;14:00;5.7;06:30;12.2;23;15:30;8;15:00;0;0;0;0;0
8283X;2014-11-07;22.0;15:10;11.0;04:50;16.5;26;15:10;9;14:50;0;0;0;0;0
8283X;2014-11-08;19.3;11:00;9.4;23:50;14.3;35;15:00;9;12:30;0;0;0;0;0
8283X;2014-11-09;17.8;15:10;8.3;22:40;13;22;13:10;8;16:10;0.4;0.4;0;0;0
8283X;2014-11-10;17.5;13:50;4.6;23:59;11;20;15:50;6;15:20;0;0;0;0;0
8283X;2014-11-11;14.6;15:40;3.9;01:50;9.3;32;13:50;15;13:40;4.8;0;2.8;2;0
8283X;2014-11-12;17.7;15:00;9.6;23:59;13.7;23;10:10;9;00:30;0;0;0;0;0
8283X;2014-11-13;22.2;15:10;6.9;05:40;14.6;26;15:30;7;15:30;0;0;0;0;0
8283X;2014-11-14;23.0;14:50;11.5;05:50;17.3;28;14:50;10;16:30;0.4;0;0.4;0;0
8283X;2014-11-15;17.6;14:20;10.0;06:20;13.8;35;11:00;15;09:40;1.4;1.2;0.2;0;0
8283X;2014-11-16;17.6;12:50;8.0;21:50;12.8;30;13:30;11;11:50;0;0;0;0;0
8283X;2014-11-17;17.7;14:10;7.1;23:50;12.4;25;12:40;9;09:30;0;0;0;0;0
8283X;2014-11-18;19.3;14:10;5.2;06:10;12.2;26;13:00;10;13:00;0;0;0;0;0
8283X;2014-11-19;21.1;14:30;6.3;08:20;13.7;19;15:10;7;14:50;0;0;0;0;0
8283X;2014-11-20;16.2;14:20;8.9;02:00;;28;13:50;28;13:30;;0;;;0
8283X;2014-11-21;17.4;14:30;13.8;05:50;;10;16:20;6;16:20;;;;0;0
8283X;2014-11-22;17.9;14:00;13.3;01:30;15.6;13;11:40;6;13:30;0;0;0;0;0
8283X;2014-11-23;18.5;13:30;13.3;23:59;15.9;18;10:30;8;13:40;0;0;0;0;0
8283X;2014-11-24;19.6;14:30;13.3;00:00;16.5;16;16:00;7;12:20;0;0;0;0;0
8283X;2014-11-25;21.3;13:30;12.7;08:10;17;20;23:20;5;14:10;3;0;0;0;3
8283X;2014-11-26;12.3;15:40;8.5;20:50;;27;13:10;34;09:30;;0.2;0;;
8283X;2014-11-27;15.3;14:40;6.4;08:00;10.9;24;21:50;8;22:30;0;0;0;0;0
8283X;2014-11-28;16.7;12:10;8.9;04:10;12.8;24;08:50;12;08:50;5.6;2.6;0;0;3
8283X;2014-11-29;19.1;14:20;10.8;21:40;15;23;14:00;8;13:50;25.2;9.6;15.6;0;0
8283X;2014-11-30;9.4;21:00;6.8;11:30;;44;15:00;49;14:40;;;;;
8283X;2014-12-01;20.1;14:20;11.2;01:40;15.7;23;21:00;8;15:50;2.2;2;0.2;0;0
8283X;2014-12-02;17.3;14:50;4.8;08:00;11;19;01:40;5;09:10;0;0;0;0;0
8283X;2014-12-03;14.3;11:50;7.3;08:40;10.8;15;14:50;6;13:30;0;0;0;0;0
8283X;2014-12-04;13.8;15:30;5.4;23:59;9.6;20;20:20;10;20:20;0.6;0;0.6;0;0
8283X;2014-12-05;15.2;14:40;5.1;00:20;10.1;27;09:40;12;08:50;0;0;0;0;0
8283X;2014-12-06;14.0;15:00;4.7;04:30;9.3;37;16:40;13;16:40;0;0;0;0;0
8283X;2014-12-07;13.5;15:20;2.1;06:20;7.8;26;02:30;10;00:10;0;0;0;0;0
8283X;2014-12-08;15.9;13:40;2.5;08:10;9.2;21;22:00;8;09:10;0;0;0;0;0
8283X;2014-12-09;12.7;13:50;2.1;23:10;7.4;39;14:00;15;14:40;0;0;0;0;0
8283X;2014-12-10;15.4;14:50;0.1;04:30;7.7;17;08:50;6;08:30;0;0;0;0;0
8283X;2014-12-11;18.8;15:30;3.6;05:40;11.2;15;10:00;6;12:00;0;0;0;0;0
8283X;2014-12-12;19.7;14:20;2.4;07:10;11.1;21;12:30;8;12:50;0;0;0;0;0
8283X;2014-12-13;18.9;14:50;5.1;08:00;12;20;13:10;10;13:10;0;0;0;0;0
8283X;2014-12-14;12.4;15:10;7.2;06:40;;26;19:10;10;20:00;5.2;0;0;0.4;4.8
8283X;2014-12-15;9.4;13:40;7.5;04:40;8.4;27;14:10;10;14:10;24;6;5.4;12.4;0.2
8283X;2014-12-16;15.8;14:50;4.9;07:40;10.4;23;09:30;12;09:10;0;0;0;0;0
8283X;2014-12-17;17.1;15:10;4.2;05:20;10.7;17;11:40;8;13:50;0;0;0;0;0
8283X;2014-12-18;20.3;15:10;5.7;08:00;13;19;01:50;6;00:10;0;0;0;0;0
8283X;2014-12-19;22.5;14:00;6.9;08:50;14.7;17;13:30;6;13:30;0;0;0;0;0
8283X;2014-12-20;15.6;14:50;3.6;08:30;9.6;12;13:50;5;14:10;0;0;0;0;0
8283X;2014-12-21;16.6;13:40;3.9;06:20;10.3;14;14:00;5;13:50;0;0;0;0;0
8283X;2014-12-22;15.4;15:20;2.6;08:10;9;10;15:50;4;14:20;0;0;0;0;0
8283X;2014-12-23;16.2;13:10;1.2;07:00;8.7;12;14:10;6;13:20;0;0;0;0;0
8283X;2014-12-24;15.4;15:20;2.4;08:10;8.9;11;15:00;5;15:10;0.2;0;0.2;0;0
8283X;2014-12-25;13.0;16:00;1.9;05:20;7.4;11;13:50;5;12:20;0;0;0;0;0
8283X;2014-12-26;15.3;13:00;2.4;05:40;8.9;15;10:40;7;10:20;0;0;0;0;0
8283X;2014-12-27;15.8;12:40;3.5;02:10;9.7;36;14:10;14;14:10;0;0;0;0;0
8283X;2014-12-28;14.8;13:20;4.3;22:30;9.6;43;09:10;18;09:10;0.8;0;0;0.8;0
8283X;2014-12-29;8.9;14:50;-2.2;08:00;3.3;23;14:00;10;14:00;0;0;0;0;0
8283X;2014-12-30;10.3;14:20;-1.6;08:40;4.4;14;14:00;5;06:10;0;0;0;0;0
8283X;2014-12-31;17.7;14:50;-0.1;00:00;8.8;22;14:50;8;15:00;0;0;0;0;0
8283X;2015-01-01;14.8;14:50;-0.3;03:20;7.3;13;15:40;5;15:30;0;0;0;0;0
8283X;2015-01-02;16.4;13:00;1.9;08:50;9.1;13;13:30;6;10:20;0;0;0;0;0
8283X;2015-01-03;22.0;14:10;3.4;04:50;12.7;19;11:00;10;11:40;0;0;0;0;0
8283X;2015-01-04;20.6;13:50;4.8;23:10;12.7;14;11:00;6;11:50;0;0;0;0;0
8283X;2015-01-05;15.7;15:30;1.9;06:50;8.8;13;15:20;6;12:00;0;0;0;0;0
8283X;2015-01-06;17.5;12:30;1.8;23:59;9.6;13;13:40;7;14:10;0;0;0;0;0
8283X;2015-01-07;14.3;14:00;1.2;02:10;7.8;11;16:30;5;16:00;0;0;0;0;0
8283X;2015-01-08;15.6;15:20;2.0;06:50;8.8;12;13:00;5;13:10;0;0;0;0;0
8283X;2015-01-09;19.3;14:40;1.4;07:10;10.3;19;14:00;7;13:20;0;0;0;0;0
8283X;2015-01-10;24.7;15:00;5.1;04:00;14.9;18;08:30;8;08:20;0;0;0;0;0
8283X;2015-01-11;20.0;15:20;3.2;07:50;11.6;14;03:00;6;13:50;0;0;0;0;0
8283X;2015-01-12;17.8;15:20;2.1;05:20;9.9;28;15:10;14;16:10;0;0;0;0;0
8283X;2015-01-13;20.7;14:30;4.6;04:40;12.7;18;14:40;9;14:40;0;0;0;0;0
8283X;2015-01-14;20.5;15:20;4.3;06:30;12.4;21;15:30;10;15:30;0;0;0;0;0
8283X;2015-01-15;21.4;13:50;5.5;02:20;13.4;30;14:30;8;15:30;0;0;0;0;0
8283X;2015-01-16;13.9;11:40;5.5;22:40;9.7;43;13:30;13;12:00;0;0;0;0;0
8283X;2015-01-17;13.1;15:30;2.6;07:50;7.9;24;01:00;13;00:40;0;0;0;0;0
8283X;2015-01-18;13.3;13:30;-1.4;07:30;6;32;12:30;12;16:20;1.4;0;0;0;1.4
8283X;2015-01-19;6.1;00:00;3.0;23:10;4.5;23;11:40;7;12:50;13.6;4.8;7.6;0.4;0.8
8283X;2015-01-20;10.7;14:10;0.3;05:30;5.5;23;11:50;9;14:40;0;0;0;0;0
8283X;2015-01-21;12.3;14:40;0.2;04:40;6.3;29;16:10;9;14:20;;;0;0;0.2
8283X;2015-01-22;10.5;15:00;1.8;01:40;6.1;35;08:30;8;08:10;0;0;0;0;0
8283X;2015-01-23;13.0;15:40;1.4;06:30;7.2;22;16:40;6;11:30;0;0;0;0;0
8283X;2015-01-24;14.3;16:10;0.6;07:30;7.5;15;10:40;7;20:50;0;0;0;0;0
8283X;2015-01-25;16.9;15:40;1.7;23:50;9.3;20;12:10;7;11:10;0;0;0;0;0
8283X;2015-01-26;15.4;15:00;-0.2;07:20;7.6;15;15:50;7;16:00;0;0;0;0;0
8283X;2015-01-27;17.3;15:40;0.2;07:30;8.7;19;15:20;6;11:20;0;0;0;0;0
8283X;2015-01-28;17.3;16:00;1.7;05:30;9.5;20;10:30;8;13:50;0;0;0;0;0
8283X;2015-01-29;18.6;14:30;4.4;01:40;11.5;47;20:10;11;19:50;0;0;0;0;0
8283X;2015-01-30;20.8;14:20;13.1;00:00;16.9;63;22:10;23;22:10;0;0;0;0;0
8283X;2015-01-31;16.9;00:20;6.8;23:20;11.8;70;02:10;27;02:20;5;0;5;0;0
8283X;2015-02-01;11.3;14:00;3.4;05:30;7.4;39;17:20;17;16:00;0;0;0;0;0
8283X;2015-02-02;12.3;15:40;4.2;05:30;8.3;40;15:50;16;16:20;0;0;0;0;0
8283X;2015-02-03;14.2;12:50;6.7;09:00;10.4;50;05:50;22;07:00;0.8;0;0.8;0;0
8283X;2015-02-04;9.3;00:00;1.6;23:40;5.5;39;15:00;11;15:30;0.2;0.2;0;0;0
8283X;2015-02-05;11.3;14:20;0.9;04:00;6.1;38;16:30;12;15:00;0;0;0;0;0
8283X;2015-02-06;10.2;13:50;-1.9;23:59;4.1;33;12:10;12;11:40;0;0;0;0;0
8283X;2015-02-07;8.6;14:00;-2.8;08:00;2.9;19;16:20;7;13:50;0;0;0;0;0
8283X;2015-02-08;13.6;16:10;-2.9;07:50;5.4;27;15:00;11;15:00;0;0;0;0;0
8283X;2015-02-09;7.5;16:20;-0.5;03:30;3.5;9;12:50;5;12:50;2.8;0;0.4;1.4;1
8283X;2015-02-10;9.5;15:40;4.5;07:30;7;15;18:10;6;11:30;0.4;0.2;0.2;0;0
8283X;2015-02-11;10.7;14:30;5.4;04:40;8;13;13:00;6;13:00;0.2;0;0.2;0;0
8283X;2015-02-12;9.1;12:50;5.9;23:59;7.5;11;14:30;4;04:50;8.4;0;0.2;7.8;0.4
8283X;2015-02-13;16.3;13:00;5.3;23:00;10.8;21;17:20;8;12:00;0;0;0;0;0
8283X;2015-02-14;15.8;14:20;7.9;05:20;11.9;37;20:00;14;02:40;0;0;0;0;0
8283X;2015-02-15;17.6;16:20;9.4;07:20;13.5;32;15:30;12;15:30;0;0;0;0;0
8283X;2015-02-16;18.6;14:10;8.0;07:30;13.3;34;10:10;11;10:00;0.6;0;0;0;0.6
8283X;2015-02-17;10.0;00:00;7.0;19:10;8.5;31;14:20;12;14:20;39.4;10.6;4.6;10.2;14
8283X;2015-02-18;9.8;13:30;7.4;23:59;8.6;22;03:50;10;03:40;6;2.8;0.4;0.4;2.4
8283X;2015-02-19;9.0;15:40;5.5;08:00;7.3;17;03:00;6;11:20;4;2;1.6;0.4;0
8283X;2015-02-20;13.8;15:20;5.8;23:00;9.8;11;13:30;5;16:10;0;0;0;0;0
8283X;2015-02-21;15.1;16:00;5.1;03:40;10.1;37;17:20;8;17:30;0.6;0;0;0.6;0
8283X;2015-02-22;16.4;16:00;5.0;04:00;10.7;36;13:10;13;11:50;0;0;0;0;0
8283X;2015-02-23;18.0;16:50;9.7;05:20;13.8;58;23:50;15;23:40;0;0;0;0;0
8283X;2015-02-24;15.0;13:50;7.2;08:00;11.1;44;04:00;16;03:30;0;0;0;0;0
8283X;2015-02-25;14.6;15:30;5.4;04:50;10;37;15:00;11;16:00;0;0;0;0;0
8283X;2015-02-26;21.8;12:00;12.3;23:10;;32;01:00;17;01:00;;0;;;
8283X;2015-02-27;17.7;14:30;4.6;23:59;11.2;36;15:10;12;10:30;0;0;0;0;0
8283X;2015-02-28;19.2;16:00;1.9;07:50;10.6;13;13:00;5;09:00;0;0;0;0;0
8283X;2015-03-01;23.7;15:10;10.2;02:30;17;28;06:50;10;05:10;0;0;0;0;0
8283X;2015-03-02;27.7;15:10;11.4;07:50;19.6;30;13:20;11;12:00;0;0;0;0;0
8283X;2015-03-03;21.0;15:20;11.0;07:30;16;19;15:10;9;15:10;0;0;0;0;0
8283X;2015-03-04;21.5;15:20;8.3;06:50;14.9;36;16:20;15;16:40;0;0;0;0;0
8283X;2015-03-05;16.9;15:40;2.0;07:10;9.4;23;14:30;9;14:40;0;0;0;0;0
8283X;2015-03-06;17.7;15:50;0.4;07:40;9.1;17;15:40;8;16:00;0;0;0;0;0
8283X;2015-03-07;24.2;14:10;3.3;06:40;13.8;15;15:20;7;15:20;0;0;0;0;0
8283X;2015-03-08;16.2;16:40;3.1;07:20;9.7;17;13:20;8;12:50;0;0;0;0;0
8283X;2015-03-09;20.6;15:00;5.5;02:10;13.1;17;12:00;9;12:00;0;0;0;0;0
8283X;2015-03-10;21.5;16:00;4.2;06:40;12.8;15;13:00;8;10:50;0;0;0;0;0
8283X;2015-03-11;27.8;15:30;5.0;07:30;;28;15:20;12;17:00;;;0;0;0
8283X;2015-03-12;27.7;15:00;8.2;02:00;18;25;12:10;8;12:20;0;0;0;0;0
8283X;2015-03-13;18.3;16:00;7.4;23:59;12.8;19;12:50;9;16:30;0;0;0;0;0
8283X;2015-03-14;11.6;15:30;4.4;09:30;;30;05:20;37;16:30;;0.2;3;0;
8283X;2015-03-15;9.7;17:00;0.9;07:10;;28;16:30;28;00:30;;;;;
8283X;2015-03-16;14.2;15:00;2.6;23:50;8.4;19;15:40;9;17:50;1.8;1.6;0.2;0;0
8283X;2015-03-17;15.1;15:00;0.2;07:00;7.7;26;15:10;12;15:10;0;0;0;0;0
8283X;2015-03-18;9.7;23:10;7.8;02:50;8.8;25;17:30;8;23:59;11.8;5.2;1.6;2.4;2.6
8283X;2015-03-19;10.9;12:20;9.3;02:10;10.1;31;23:10;12;23:30;14.2;1.8;5.8;5.8;0.8
8283X;2015-03-20;10.8;23:59;9.9;03:30;10.3;36;11:10;14;14:50;38.6;5.2;16.6;11.6;5.2
8283X;2015-03-21;15.4;12:20;9.1;07:40;12.3;21;12:20;10;12:20;2.8;0.4;0;0.4;2
8283X;2015-03-22;13.4;13:10;9.0;03:10;11.2;24;17:00;12;16:30;;;0.8;1;0
8283X;2015-03-23;13.6;13:10;8.7;07:30;11.2;19;15:40;10;15:40;4;0;0;3;1
8283X;2015-03-24;14.3;14:30;9.2;18:50;;33;17:00;15;07:50;36.4;0;0;16.6;19.8
8283X;2015-03-25;13.7;15:00;5.3;23:59;9.5;23;12:40;8;12:40;1.6;1;0.6;0;0
8283X;2015-03-26;16.0;17:50;5.7;05:20;;25;08:50;14;11:50;;0;0;;
8283X;2015-03-27;24.6;15:50;7.3;07:00;16;29;14:00;9;14:20;0;0;0;0;0
8283X;2015-03-28;27.4;16:20;9.4;07:10;18.4;14;12:10;5;12:20;0;0;0;0;0
8283X;2015-03-29;27.4;16:40;10.6;08:00;19;22;19:00;7;10:30;0;0;0;0;0
8283X;2015-03-30;28.7;15:30;13.0;05:40;20.9;19;18:40;9;06:40;0;0;0;0;0
8283X;2015-03-31;30.6;16:00;12.4;07:40;21.5;19;16:10;8;16:20;0;0;0;0;0
8283X;2015-04-01;22.6;12:50;9.8;23:50;;29;14:10;18;14:10;;;0;0;
8283X;2015-04-02;23.2;15:40;5.0;07:00;14.1;17;16:20;8;17:10;0;0;0;0;0
8283X;2015-04-03;24.9;17:20;8.4;07:50;16.6;18;14:30;8;17:40;0;0;0;0;0
8283X;2015-04-04;16.9;12:20;11.2;23:59;;24;15:50;13;19:30;;;0;0;
8283X;2015-04-05;22.7;15:50;8.7;06:50;15.7;25;16:40;12;16:40;0;0;0;0;0
8283X;2015-04-06;17.8;13:50;9.9;23:59;13.8;27;14:30;12;16:10;0;0;0;0;0
8283X;2015-04-07;13.9;15:00;8.6;05:30;11.3;30;16:30;15;17:40;0;0;0;0;0
8283X;2015-04-08;15.3;16:10;6.6;08:20;11;35;13:40;15;14:20;0;0;0;0;0
8283X;2015-04-09;14.3;14:20;8.3;02:50;11.3;29;11:40;13;15:40;0;0;0;0;0
8283X;2015-04-10;15.6;16:10;5.4;06:00;;21;12:00;15;16:50;;0;0;;
8283X;2015-04-11;15.2;17:20;7.5;02:40;11.3;17;16:50;8;16:50;0;0;0;0;0
8283X;2015-04-12;16.0;15:00;10.9;06:20;13.4;26;17:10;11;17:20;0;0;0;0;0
8283X;2015-04-13;14.6;17:50;7.2;08:30;;17;15:30;31;13:10;;0;0;;
8283X;2015-04-14;21.5;15:20;5.2;07:00;13.3;24;15:30;12;15:30;0;0;0;0;0
8283X;2015-04-15;16.3;13:20;10.2;07:10;13.2;20;15:20;9;15:10;0.6;0;0.4;0.2;0
8283X;2015-04-16;23.6;16:10;10.5;04:00;17.1;27;16:40;10;17:50;0;0;0;0;0
8283X;2015-04-17;27.7;16:00;11.0;05:40;19.4;21;09:50;10;19:30;0;0;0;0;0
8283X;2015-04-18;26.3;16:30;8.7;07:00;17.5;31;18:50;10;18:50;0;0;0;0;0
8283X;2015-04-19;24.5;16:30;10.3;07:30;17.4;27;16:40;12;02:10;0;0;0;0;0
8283X;2015-04-20;22.8;16:10;9.0;07:40;15.9;25;16:50;12;18:20;0;0;0;0;0
8283X;2015-04-21;19.3;15:20;10.3;03:00;14.8;31;16:20;14;17:30;0;0;0;0;0
8283X;2015-04-22;20.9;16:40;10.8;02:50;15.8;20;17:10;8;19:20;0.4;0;0.4;0;0
8283X;2015-04-23;27.3;15:50;10.9;02:20;19.1;21;17:10;10;17:00;0;0;0;0;0
8283X;2015-04-24;29.7;15:20;9.4;07:10;19.6;30;17:30;15;17:10;0;0;0;0;0
8283X;2015-04-25;28.4;15:00;13.8;07:40;21.1;25;11:00;9;14:10;0;0;0;0;0
8283X;2015-04-26;27.4;14:40;13.0;07:20;20.2;38;23:20;13;13:40;0.2;0;0;0;0.2
8283X;2015-04-27;21.6;15:30;12.6;07:40;17.1;35;16:30;11;17:20;0;0;0;0;0
8283X;2015-04-28;26.9;17:00;9.8;06:20;18.3;25;00:30;10;00:30;0;0;0;0;0
8283X;2015-04-29;27.4;16:30;9.6;06:20;18.5;37;17:00;11;17:00;0;0;0;0;0
8283X;2015-04-30;28.8;16:20;8.7;07:00;18.7;22;16:10;9;17:10;0;0;0;0;0
8283X;2015-05-01;31.4;16:30;13.5;07:10;22.4;31;14:40;12;14:40;0;0;0;0;0
8283X;2015-05-02;34.9;17:00;15.8;07:20;25.4;28;16:10;10;16:10;0;0;0;0;0
8283X;2015-05-03;35.9;16:10;17.9;06:50;26.9;23;15:20;9;13:30;0;0;0;0;0
8283X;2015-05-04;28.8;15:40;18.4;08:00;23.6;17;11:50;9;12:10;0;0;0;0;0
8283X;2015-05-05;29.1;16:20;16.9;23:59;23;20;16:50;8;12:50;0;0;0;0;0
8283X;2015-05-06;30.1;16:00;13.5;07:10;21.8;26;15:10;11;18:30;0;0;0;0;0
8283X;2015-05-07;26.4;16:50;10.4;07:10;18.4;22;14:00;11;14:50;0;0;0;0;0
8283X;2015-05-08;30.6;16:00;12.4;04:10;21.5;35;11:40;12;11:40;0;0;0;0;0
8283X;2015-05-09;29.5;15:10;13.8;06:50;21.7;23;15:20;11;17:50;0;0;0;0;0
8283X;2015-05-10;29.2;15:50;12.5;07:10;20.9;24;16:00;10;18:20;0;0;0;0;0
8283X;2015-05-11;28.7;15:00;10.1;06:50;19.4;23;16:40;10;16:10;0;0;0;0;0
8283X;2015-05-12;34.0;16:50;10.6;07:10;22.3;20;17:00;11;17:00;0;0;0;0;0
8283X;2015-05-13;39.8;17:10;13.0;06:50;26.4;25;18:10;8;15:10;0;0;0;0;0
8283X;2015-05-14;41.9;15:30;23.5;07:40;32.7;38;17:40;17;17:40;0;0;0;0;0
8283X;2015-05-15;29.6;17:20;15.9;07:10;22.8;27;15:10;12;19:40;0;0;0;0;0
8283X;2015-05-16;27.1;16:30;10.3;07:00;18.7;25;18:40;10;18:10;0;0;0;0;0
8283X;2015-05-17;28.7;16:10;12.4;07:10;20.6;21;14:50;10;17:20;0;0;0;0;0
8283X;2015-05-18;32.2;16:10;10.2;07:00;21.2;23;16:40;8;14:00;0;0;0;0;0
8283X;2015-05-19;23.1;13:10;13.3;23:40;18.2;32;18:40;15;15:50;7;0;0;0;7
8283X;2015-05-20;21.5;17:50;12.0;23:59;16.8;22;19:40;9;16:30;0.4;0.4;0;0;0
8283X;2015-05-21;22.6;16:00;7.9;07:00;15.3;27;18:20;11;18:20;0;0;0;0;0
8283X;2015-05-22;22.2;15:20;7.9;06:50;15.1;25;17:00;12;16:30;0;0;0;0;0
8283X;2015-05-23;25.4;16:40;8.2;06:40;16.8;23;18:40;9;21:00;0;0;0;0;0
8283X;2015-05-24;22.7;13:20;9.3;06:50;16;23;14:20;12;18:00;0;0;0;0;0
8283X;2015-05-25;25.8;16:40;9.4;05:50;17.6;28;16:30;11;15:30;0;0;0;0;0
8283X;2015-05-26;28.3;17:20;14.0;06:50;21.1;31;19:40;11;16:10;0;0;0;0;0
8283X;2015-05-27;26.7;16:10;12.5;04:40;19.6;24;14:50;11;14:40;0;0;0;0;0
8283X;2015-05-28;29.9;16:50;14.0;03:20;21.9;22;16:20;9;16:20;0;0;0;0;0
8283X;2015-05-29;27.9;15:50;11.4;07:00;19.6;22;15:30;9;15:30;0;0;0;0;0
8283X;2015-05-30;29.8;16:30;13.9;06:30;21.8;30;17:50;10;15:20;2.6;0;0;0;2.6
8283X;2015-05-31;29.2;15:10;13.9;06:50;21.6;19;15:40;9;15:30;1;0;0;1;0
8283X;2015-06-01;29.5;15:40;13.2;06:30;21.3;21;16:00;9;15:20;0.2;0.2;0;0;0
8283X;2015-06-02;31.4;18:10;15.0;07:10;23.2;23;16:00;10;16:00;0;0;0;0;0
8283X;2015-06-03;30.3;14:30;12.9;06:30;21.6;26;17:40;13;17:40;0;0;0;0;0
8283X;2015-06-04;30.1;15:10;11.7;06:40;20.9;29;14:10;14;15:50;0;0;0;0;0
8283X;2015-06-05;30.5;16:10;11.3;06:10;20.9;26;14:50;13;17:50;0;0;0;0;0
8283X;2015-06-06;31.4;15:50;12.5;06:10;21.9;30;17:30;12;17:40;0;0;0;0;0
8283X;2015-06-07;30.8;15:30;11.9;06:30;21.3;32;14:50;12;14:50;0;0;0;0;0
8283X;2015-06-08;32.3;16:10;12.9;06:30;22.6;27;16:40;12;18:40;0;0;0;0;0
8283X;2015-06-09;33.4;15:20;14.3;05:30;23.9;30;18:00;13;17:50;0;0;0;0;0
8283X;2015-06-10;28.9;17:50;17.7;06:50;23.3;29;19:10;13;18:40;0;0;0;0;0
8283X;2015-06-11;25.5;18:30;17.4;04:50;21.4;25;18:20;8;18:00;6.4;0;4.4;2;0
8283X;2015-06-12;31.7;16:10;16.4;07:10;24.1;28;19:20;11;18:50;0;0;0;0;0
8283X;2015-06-13;28.6;13:30;14.6;19:00;21.6;32;13:50;14;14:20;25.4;0;0;2;23.4
8283X;2015-06-14;28.0;15:00;12.3;07:10;20.2;25;14:50;9;10:50;0.2;0;0.2;0;0
8283X;2015-06-15;26.0;13:00;14.1;23:50;20.1;27;17:40;9;18:00;12.6;0;0;7.2;5.4
8283X;2015-06-16;24.7;16:40;11.2;06:10;18;18;11:00;8;18:10;0.2;0;0.2;0;0
8283X;2015-06-17;27.6;14:20;13.4;06:50;20.5;26;16:30;12;17:30;0;0;0;0;0
8283X;2015-06-18;29.5;15:50;13.8;07:00;21.7;22;17:20;9;16:30;0;0;0;0;0
8283X;2015-06-19;35.0;17:30;15.1;06:40;25.1;19;14:10;8;19:30;0;0;0;0;0
8283X;2015-06-20;30.5;17:30;15.6;07:00;23.1;21;18:20;9;14:40;0;0;0;0;0
8283X;2015-06-21;35.5;17:50;16.3;06:40;25.9;19;17:20;8;13:00;0;0;0;0;0
8283X;2015-06-22;34.5;15:50;17.6;04:10;26.1;23;18:00;11;18:00;0;0;0;0;0
8283X;2015-06-23;34.6;14:50;18.1;06:20;26.3;32;18:10;10;18:10;3.2;0;0;2.6;0.6
8283X;2015-06-24;28.4;14:50;14.8;06:40;21.6;28;15:20;13;15:50;0;0;0;0;0
8283X;2015-06-25;33.4;16:30;17.2;03:00;25.3;22;18:20;10;17:30;0;0;0;0;0
8283X;2015-06-26;36.9;15:40;16.7;06:00;26.8;22;19:50;11;18:20;0;0;0;0;0
8283X;2015-06-27;39.8;15:50;21.2;06:50;30.5;24;19:10;12;19:30;0;0;0;0;0
8283X;2015-06-28;38.7;16:40;22.1;07:20;30.4;23;17:20;11;17:20;0;0;0;0;0
8283X;2015-06-29;36.4;16:10;17.9;06:50;27.2;22;18:20;10;16:20;0;0;0;0;0
8283X;2015-06-30;36.7;16:20;18.1;06:40;27.4;19;17:20;10;15:10;0;0;0;0;0
8283X;2015-07-01;33.0;15:10;19.2;06:10;26.1;29;15:50;13;16:50;0;0;0;0;0
8283X;2015-07-02;30.6;17:00;21.0;05:50;25.8;24;18:00;12;17:40;0;0;0;0;0
8283X;2015-07-03;31.1;13:40;21.8;06:40;26.4;28;15:50;13;15:10;0;0;0;0;0
8283X;2015-07-04;33.5;15:40;19.2;06:20;26.4;26;14:40;11;15:20;0;0;0;0;0
8283X;2015-07-05;37.6;16:10;17.3;06:30;27.4;24;15:30;11;15:40;0;0;0;0;0
8283X;2015-07-06;38.2;16:30;18.4;06:40;28.3;34;05:30;10;17:00;0;0;0;0;0
8283X;2015-07-07;44.9;15:50;20.4;05:10;32.7;48;05:30;11;19:10;0;0;0;0;0
8283X;2015-07-08;35.8;16:40;24.5;07:00;30.1;25;18:30;12;17:40;0;0;0;0;0
8283X;2015-07-09;35.2;15:40;20.6;05:10;27.9;23;05:30;10;16:30;0;0;0;0;0
8283X;2015-07-10;40.7;16:10;21.8;03:50;31.3;54;05:20;8;15:40;0;0;0;0;0
8283X;2015-07-11;31.9;17:30;19.9;06:00;25.9;45;05:30;10;12:40;0;0;0;0;0
8283X;2015-07-12;36.1;16:30;21.6;04:20;28.8;22;15:20;11;15:20;0;0;0;0;0
8283X;2015-07-13;37.1;16:30;19.3;06:50;28.2;66;01:30;10;16:40;0;0;0;0;0
8283X;2015-07-14;36.4;17:10;19.5;07:00;28;40;05:30;10;15:20;0;0;0;0;0
8283X;2015-07-15;36.0;16:50;19.3;07:00;27.6;23;18:00;9;15:40;0;0;0;0;0
8283X;2015-07-16;40.0;16:40;18.8;07:00;29.4;20;21:40;8;21:10;0;0;0;0;0
8283X;2015-07-17;36.8;15:20;20.1;07:10;28.4;24;16:30;11;16:30;;;0;0;0
8283X;2015-07-18;34.7;14:50;20.7;07:00;;36;15:30;18;15:20;;;;;0
8283X;2015-07-19;37.9;15:00;21.2;04:30;29.6;23;14:50;10;14:10;0;0;0;0;0
8283X;2015-07-20;37.0;16:40;20.4;07:00;28.7;28;15:00;11;15:30;0;0;0;0;0
8283X;2015-07-21;40.5;15:50;22.8;07:20;31.6;36;19:10;15;19:10;0;0;0;0;0
8283X;2015-07-22;36.1;18:20;22.8;04:10;29.4;40;19:40;16;19:40;0.2;0;0;0;0.2
8283X;2015-07-23;36.6;16:10;19.3;06:40;27.9;32;18:00;11;17:10;1;0;0.2;0;0.8
8283X;2015-07-24;41.9;16:00;22.0;03:10;32;37;18:40;14;18:40;0;0;0;0;0
8283X;2015-07-25;31.7;13:50;23.7;07:20;27.7;30;15:10;12;15:10;0;0;0;0;0
8283X;2015-07-26;38.7;16:40;21.5;07:10;30.1;29;18:00;10;15:30;0;0;0;0;0
8283X;2015-07-27;40.1;14:30;24.6;07:10;32.3;28;16:10;12;18:20;0;0;0;0;0
8283X;2015-07-28;35.2;15:20;24.4;06:30;29.8;27;15:20;11;16:20;0;0;0;0;0
8283X;2015-07-29;37.5;15:50;22.9;07:50;30.2;35;19:40;12;16:00;0;0;0;0;0
8283X;2015-07-30;31.8;18:00;22.8;23:59;27.3;24;15:30;12;15:20;5;0;0;0.6;4.4
8283X;2015-07-31;32.8;15:30;21.4;01:20;27.1;25;16:50;9;16:20;6.6;0;0;0.2;6.4
8283X;2015-08-01;25.3;18:30;19.9;10:00;22.6;21;17:10;10;17:10;1.2;0;1.2;0;0
8283X;2015-08-02;26.2;18:00;14.4;07:50;;39;08:30;27;08:30;;;;;
8283X;2015-08-03;38.1;15:10;19.5;07:30;28.8;22;15:10;9;15:10;0;0;0;0;0
8283X;2015-08-04;36.8;15:10;20.2;07:30;28.5;26;16:10;13;16:10;0;0;0;0;0
8283X;2015-08-05;36.6;15:30;22.6;07:40;29.6;22;17:10;10;16:00;0;0;0;0;0
8283X;2015-08-06;33.9;14:30;20.2;07:30;;27;15:10;15;15:30;;0;0;0;
8283X;2015-08-07;39.9;16:00;21.4;22:00;30.7;31;20:40;10;16:50;6.4;0;0;0;6.4
8283X;2015-08-08;30.3;16:00;20.8;07:20;25.5;23;16:50;7;16:50;0.4;0;0;0.4;0
8283X;2015-08-09;30.7;14:50;20.7;01:10;25.7;26;15:30;11;15:10;0;0;0;0;0
8283X;2015-08-10;36.6;14:20;21.8;06:20;29.2;31;15:20;13;15:40;0;0;0;0;0
8283X;2015-08-11;35.9;14:50;23.3;07:40;29.6;35;15:50;13;15:50;0.4;0;0;0.2;0.2
8283X;2015-08-12;34.7;16:10;20.6;03:50;;23;15:40;14;17:30;0;0;0;0;0
8283X;2015-08-13;34.2;16:30;20.9;06:30;;49;17:20;24;12:40;;0;0;;
8283X;2015-08-14;30.6;14:30;17.3;07:30;;31;16:10;18;16:00;0;0;0;0;0
8283X;2015-08-15;26.9;15:20;19.4;23:59;23.1;29;17:50;13;17:50;0;0;0;0;0
8283X;2015-08-16;29.6;13:30;16.3;06:30;22.9;27;18:20;13;18:20;0;0;0;0;0
8283X;2015-08-17;34.0;13:30;20.1;06:30;27.1;28;16:10;11;15:10;0;0;0;0;0
8283X;2015-08-18;27.3;16:50;21.2;07:30;24.3;24;13:40;10;14:00;0;0;0;0;0
8283X;2015-08-19;27.1;16:30;20.9;07:30;;23;17:30;12;16:10;;0;1;0;
8283X;2015-08-20;33.5;16:50;19.9;07:30;26.7;22;14:50;10;15:10;0;0;0;0;0
8283X;2015-08-21;36.5;16:50;18.9;07:30;27.7;24;17:10;11;17:20;0;0;0;0;0
8283X;2015-08-22;32.5;14:40;18.0;07:10;25.3;24;16:10;12;16:10;0;0;0;0;0
8283X;2015-08-23;33.7;17:40;20.4;04:30;27.1;34;14:20;12;12:00;0;0;0;0;0
8283X;2015-08-24;32.7;16:30;20.1;07:30;26.4;32;14:50;12;14:50;0;0;0;0;0
8283X;2015-08-25;31.4;15:00;18.0;05:50;24.7;25;16:10;12;16:00;0;0;0;0;0
8283X;2015-08-26;32.8;14:50;16.6;07:40;24.7;28;15:20;12;15:20;0;0;0;0;0
8283X;2015-08-27;37.4;17:30;17.9;07:30;27.7;23;18:50;10;18:30;0;0;0;0;0
8283X;2015-08-28;34.6;14:10;17.2;07:30;25.9;25;18:30;12;18:10;0;0;0;0;0
8283X;2015-08-29;32.4;16:00;19.0;03:50;25.7;28;16:10;12;18:10;0;0;0;0;0
8283X;2015-08-30;31.8;15:10;18.8;04:10;25.3;23;15:20;11;17:40;0;0;0;0;0
8283X;2015-08-31;35.4;15:50;20.2;20:50;27.8;36;19:20;11;19:20;28.2;0;0;0;28.2
8283X;2015-09-01;29.2;14:20;20.5;00:10;24.9;27;15:00;13;16:40;0;0;0;0;0
8283X;2015-09-02;29.4;14:30;19.6;07:20;24.5;25;14:50;10;14:50;1.8;0;0;1.6;0.2
8283X;2015-09-03;32.3;15:40;18.6;07:10;25.4;31;16:10;15;16:20;0.4;0;0;0;0.4
8283X;2015-09-04;23.9;15:30;18.1;23:50;21;24;17:50;11;17:50;5.4;0.4;1;0;4
8283X;2015-09-05;21.5;16:30;17.7;04:00;19.6;16;13:50;7;13:40;1.4;0.2;0;0;1.2
8283X;2015-09-06;18.0;00:40;16.7;15:50;17.4;15;15:00;5;15:00;27.4;5.2;8.8;13;0.4
8283X;2015-09-07;19.8;19:10;16.5;01:30;18.1;13;15:10;6;15:50;10.6;0;4.6;5.6;0.4
8283X;2015-09-08;22.5;11:30;15.5;07:30;19;23;13:50;9;13:50;1;0.4;0;0.6;0
8283X;2015-09-09;27.7;16:10;13.3;07:40;20.5;15;15:00;7;17:00;0;0;0;0;0
8283X;2015-09-10;31.4;15:10;17.0;07:10;24.2;21;16:50;9;21:00;0;0;0;0;0
8283X;2015-09-11;29.5;15:30;18.6;23:59;24.1;19;16:00;8;16:00;0;0;0;0;0
8283X;2015-09-12;27.5;15:20;16.8;07:00;22.1;24;18:10;10;16:40;0.2;0;0;0;0.2
8283X;2015-09-13;30.9;16:40;16.8;08:00;23.8;30;15:40;11;15:20;0.2;0;0.2;0;0
8283X;2015-09-14;28.7;15:30;18.4;23:59;23.6;33;13:40;11;11:30;0;0;0;0;0
8283X;2015-09-15;30.6;15:20;15.0;07:30;22.8;22;13:30;8;13:30;0;0;0;0;0
8283X;2015-09-16;33.3;16:00;16.4;07:50;24.8;31;15:50;11;12:30;0;0;0;0;0
8283X;2015-09-17;27.8;17:00;17.6;08:20;22.7;27;04:20;10;23:00;0;0;0;0;0
8283X;2015-09-18;24.8;14:00;13.0;04:00;18.9;30;14:50;12;12:40;0;0;0;0;0
8283X;2015-09-19;26.3;15:50;15.3;02:40;20.8;19;11:50;9;16:10;0;0;0;0;0
8283X;2015-09-20;31.5;15:40;13.8;07:30;22.7;27;14:50;9;19:40;0;0;0;0;0
8283X;2015-09-21;34.0;15:10;17.1;05:30;25.6;26;16:40;9;16:50;0;0;0;0;0
8283X;2015-09-22;33.6;16:20;17.5;04:10;25.5;26;13:10;9;16:10;0;0;0;0;0
8283X;2015-09-23;28.4;15:20;13.8;07:30;21.1;19;15:40;8;12:50;0;0;0;0;0
8283X;2015-09-24;26.5;16:00;13.7;08:00;20.1;19;12:10;9;17:30;0;0;0;0;0
8283X;2015-09-25;29.9;16:10;13.4;07:30;21.6;18;16:20;8;17:00;0;0;0;0;0
8283X;2015-09-26;28.7;16:10;12.9;08:20;20.8;23;16:20;10;16:20;0;0;0;0;0
8283X;2015-09-27;25.3;14:20;14.4;23:59;19.8;33;15:30;12;15:50;4;0;0;0.2;3.8
8283X;2015-09-28;23.0;16:30;14.0;23:59;18.5;23;15:30;9;14:30;0;0;0;0;0
8283X;2015-09-29;21.8;15:50;12.5;04:30;17.1;22;16:10;10;16:10;0;0;0;0;0
8283X;2015-09-30;24.1;17:00;14.8;05:00;19.5;21;03:40;8;03:40;0.2;0.2;0;0;0
8283X;2015-10-01;27.8;15:20;11.8;07:40;19.8;32;18:50;15;18:50;0;0;0;0;0
8283X;2015-10-02;29.4;16:10;12.6;08:20;21;27;16:50;14;18:10;0;0;0;0;0
8283X;2015-10-03;27.6;17:10;17.0;08:20;22.3;22;02:00;8;02:00;0.2;0;0;0.2;0
8283X;2015-10-04;31.8;16:10;15.6;08:30;23.7;30;15:30;10;15:30;0;0;0;0;0
8283X;2015-10-05;30.0;14:20;20.5;05:30;;42;16:50;18;16:50;;0;0;;
8283X;2015-10-06;25.8;16:20;15.9;03:20;;60;14:40;22;14:40;;;;0;0
8283X;2015-10-07;28.1;15:10;14.1;05:50;21.1;24;16:00;10;16:30;0;0;0;0;0
8283X;2015-10-08;20.1;11:30;13.4;02:30;16.8;26;12:10;14;14:00;;0;0;;0.4
8283X;2015-10-09;24.0;15:50;11.6;07:40;17.8;18;15:00;6;12:50;0;0;0;0;0
8283X;2015-10-10;27.7;15:10;11.2;04:30;19.5;27;17:50;10;19:30;0;0;0;0;0
8283X;2015-10-11;27.3;16:20;16.3;02:00;21.8;18;13:40;8;14:20;0;0;0;0;0
8283X;2015-10-12;28.3;15:00;16.1;08:30;22.2;31;13:20;9;14:40;0;0;0;0;0
8283X;2015-10-13;21.3;11:00;15.9;08:50;18.6;18;11:20;7;11:40;7.4;0;0;4.2;3.2
8283X;2015-10-14;20.6;14:00;10.4;23:59;15.5;19;14:50;8;15:50;;2.6;0.2;0;
8283X;2015-10-15;23.3;16:40;7.1;07:00;15.2;17;17:20;10;17:20;;;0;0;0
8283X;2015-10-16;22.5;15:20;10.4;01:40;16.4;15;17:10;6;15:20;0;0;0;0;0
8283X;2015-10-17;23.3;15:10;13.5;00:00;18.4;21;16:20;10;15:50;0;0;0;0;0
8283X;2015-10-18;25.3;15:30;12.3;08:30;18.8;16;17:00;9;17:00;0;0;0;0;0
8283X;2015-10-19;18.1;16:30;16.1;22:40;17.1;14;08:10;5;08:00;;0;2.2;0;
8283X;2015-10-20;16.6;12:50;13.4;23:10;;25;11:10;15;12:40;;0.2;0;;
8283X;2015-10-21;19.8;17:20;10.6;08:50;;18;17:30;11;17:40;;5.8;0.8;;0
8283X;2015-10-22;20.1;16:50;8.2;08:40;14.2;15;10:30;8;09:10;0;0;0;0;0
8283X;2015-10-23;22.1;16:30;8.5;06:00;15.3;13;16:40;5;17:10;0;0;0;0;0
8283X;2015-10-24;17.8;14:30;10.6;08:10;14.2;11;14:30;5;14:00;0;0;0;0;0
8283X;2015-10-25;18.3;14:50;13.3;02:40;15.8;13;15:50;5;16:10;0.4;0;0;0.4;0
8283X;2015-10-26;19.2;12:40;13.8;23:59;16.5;12;12:50;6;12:50;0.4;0;0;0.4;0
8283X;2015-10-27;22.5;16:50;13.7;07:10;;42;21:00;15;21:00;;0;0;0;
8283X;2015-10-28;21.1;15:00;10.1;07:50;15.6;32;16:00;11;13:00;0;0;0;0;0
8283X;2015-10-29;23.9;13:50;13.6;07:30;;30;10:40;12;11:50;;;;;
8283X;2015-10-30;21.5;14:40;13.0;01:50;;17;12:30;10;12:30;;;;;
8283X;2015-10-31;21.2;14:30;13.1;03:20;;24;23:40;14;23:40;;;;;
8283X;2015-11-01;21.0;13:50;18.5;04:40;;40;21:30;22;21:10;;;;;0.4
8283X;2015-11-02;20.0;00:00;13.4;23:59;;59;05:00;32;05:10;;1.8;16.8;0.2;
8283X;2015-11-03;17.6;13:50;6.3;05:20;;24;17:20;14;17:20;;;0;0;0
8283X;2015-11-04;23.5;14:30;9.4;07:10;16.4;17;14:20;7;14:20;0;0;0;0;0
8283X;2015-11-05;24.1;14:10;12.1;05:40;18.1;22;12:00;8;14:10;0;0;0;0;0
8283X;2015-11-06;22.9;14:40;11.6;07:30;17.3;18;13:50;6;15:10;0;0;0;0;0
8283X;2015-11-07;23.2;14:20;10.5;06:40;16.9;15;16:20;7;16:20;0;0;0;0;0
8283X;2015-11-08;20.2;15:10;10.2;03:30;15.2;11;14:30;5;14:30;0.2;0;0.2;0;0
8283X;2015-11-09;22.3;13:20;9.6;08:00;15.9;13;10:10;6;13:40;0;0;0;0;0
8283X;2015-11-10;24.0;15:20;8.2;07:10;16.1;12;13:30;5;12:10;0;0;0;0;0
8283X;2015-11-11;21.6;15:00;8.0;04:40;14.8;13;13:20;6;11:50;0;0;0;0;0
8283X;2015-11-12;18.1;14:20;6.3;07:40;12.2;13;14:30;6;14:50;0;0;0;0;0
8283X;2015-11-13;19.1;14:10;12.8;21:10;;14;13:10;21;11:40;;;;;
8283X;2015-11-14;19.3;13:20;11.3;23:59;;12;12:20;18;23:59;;0;0;;
8283X;2015-11-15;21.3;15:40;8.9;07:40;15.1;15;11:50;6;13:40;0.2;0;0.2;0;0
8283X;2015-11-16;23.3;13:00;7.7;08:10;15.5;15;14:30;7;14:30;0;0;0;0;0
8283X;2015-11-17;21.7;14:50;7.3;23:50;14.5;13;12:30;6;11:30;0;0;0;0;0
8283X;2015-11-18;22.7;13:40;5.8;07:40;14.3;15;15:00;7;15:00;0;0;0;0;0
8283X;2015-11-19;23.7;15:30;8.6;08:10;16.2;10;13:20;5;13:50;0;0;0;0;0
8283X;2015-11-20;26.6;14:50;9.6;06:40;18.1;26;20:00;10;20:00;0;0;0;0;0
8283X;2015-11-21;19.3;12:50;9.7;23:40;14.5;41;12:50;14;09:00;0;0;0;0;0
8283X;2015-11-22;14.4;14:00;3.1;08:10;8.7;20;15:30;7;13:50;0;0;0;0;0
8283X;2015-11-23;10.9;12:50;0.7;22:50;5.8;22;13:40;9;13:40;;0;0;;0
8283X;2015-11-24;13.0;14:30;-0.4;06:50;6.3;21;13:00;6;11:40;0;0;0;0;0
8283X;2015-11-25;18.9;13:20;4.5;00:00;11.7;28;13:00;10;06:40;0;0;0;0;0
8283X;2015-11-26;19.8;14:30;7.6;23:59;13.7;43;07:00;21;07:00;0;0;0;0;0
8283X;2015-11-27;18.6;16:00;7.2;23:59;;24;00:10;9;00:30;;0;;0;0
8283X;2015-11-28;19.5;14:30;5.0;23:59;12.3;14;15:50;5;14:10;0;0;0;0;0
8283X;2015-11-29;19.4;13:50;3.3;07:00;11.3;16;12:50;7;12:50;0;0;0;0;0
8283X;2015-11-30;18.0;15:50;-1.0;07:20;;13;13:30;7;13:50;;0;0;;
8283X;2015-12-01;16.5;12:00;4.9;04:40;;12;14:30;8;13:50;;;;;
8283X;2015-12-02;15.5;15:20;4.5;07:10;;8;13:20;4;13:20;;;;;
8283X;2015-12-03;16.3;13:40;5.5;08:10;;10;13:10;18;01:00;;0;0;0;
8283X;2015-12-04;20.0;14:40;4.5;02:50;12.3;12;15:10;6;11:30;0;0;0;0;0
8283X;2015-12-05;18.8;13:50;4.7;07:10;11.7;12;14:20;7;14:10;0;0;0;0;0
8283X;2015-12-06;18.4;13:20;8.6;08:50;13.5;12;16:30;6;16:40;0;0;0;0;0
8283X;2015-12-07;16.1;15:30;7.0;07:00;11.6;8;12:40;4;16:10;0;0;0;0;0
8283X;2015-12-08;19.6;13:40;7.3;23:59;13.5;13;07:30;5;14:40;0;0;0;0;0
8283X;2015-12-09;13.3;12:50;5.4;08:10;9.4;19;13:10;5;13:10;0.4;0;0;0.2;0.2
8283X;2015-12-10;13.6;14:50;7.6;23:50;;15;14:40;8;14:40;;;;;0
8283X;2015-12-11;14.0;16:20;5.3;03:30;;14;17:20;19;21:10;;0;0;0;
8283X;2015-12-12;13.2;13:40;5.6;08:00;9.4;12;14:30;5;14:30;0;0;0;0;0
8283X;2015-12-13;16.1;15:10;8.2;22:50;;14;16:10;9;14:40;;0;;;
8283X;2015-12-14;17.7;15:40;1.3;04:40;;17;15:40;8;15:20;;;;;0
8283X;2015-12-15;22.5;14:50;7.1;04:50;14.8;21;15:00;8;14:20;0;0;0;0;0
8283X;2015-12-16;22.9;13:40;7.9;05:00;15.4;13;10:40;7;14:40;0;0;0;0;0
8283X;2015-12-17;17.3;14:40;6.5;06:30;;13;20:20;7;20:20;;0;0;;
8283X;2015-12-18;23.5;13:50;8.1;03:30;15.8;17;07:30;6;07:30;0;0;0;0;0
8283X;2015-12-19;23.0;13:20;6.7;23:50;;21;01:10;13;01:10;;;;;
8283X;2015-12-20;16.0;14:20;8.9;23:59;;12;09:00;6;13:30;;;0;0;
8283X;2015-12-21;16.6;13:40;8.1;01:40;;15;10:30;19;04:30;;0;0;;
8283X;2015-12-22;16.0;11:40;7.4;23:59;;12;02:20;26;22:40;;;;0;
8283X;2015-12-23;13.2;15:20;4.0;07:30;8.6;14;11:10;7;11:10;0;0;0;0;0
8283X;2015-12-24;17.6;14:20;3.5;06:40;10.6;15;11:10;6;11:10;0;0;0;0;0
8283X;2015-12-25;14.4;13:30;3.0;06:20;8.7;11;13:20;5;13:20;0;0;0;0;0
8283X;2015-12-26;16.8;13:40;5.3;23:20;11;11;15:30;5;15:30;0;0;0;0;0
8283X;2015-12-27;15.6;15:10;3.5;08:40;9.6;14;13:40;7;14:30;0.2;0.2;0;0;0
8283X;2015-12-28;17.1;14:20;5.6;07:20;11.4;12;15:20;5;15:10;0;0;0;0;0
8283X;2015-12-29;18.8;14:50;7.7;03:10;13.2;23;13:00;8;12:50;0;0;0;0;0
8283X;2015-12-30;17.2;18:20;6.9;07:30;;44;19:50;44;15:30;;0;0;;
8283X;2015-12-31;21.6;14:40;8.9;06:40;15.3;20;03:20;8;11:30;0;0;0;0;0
8283X;2016-01-01;19.4;13:40;9.6;06:50;14.5;13;17:20;5;14:20;0;0;0;0;0
8283X;2016-01-02;16.4;14:50;5.7;23:30;11;31;15:50;11;16:40;0;0;0;0;0
8283X;2016-01-03;17.2;13:20;5.0;01:40;11.1;45;17:20;13;17:40;0;0;0;0;0
8283X;2016-01-04;22.5;13:10;15.0;00:00;18.8;41;10:40;15;18:00;0;0;0;0;0
8283X;2016-01-05;17.2;00:10;8.0;23:59;;60;01:00;27;15:50;;;0;0;0
8283X;2016-01-06;11.8;14:30;5.0;07:40;8.4;31;10:20;13;09:40;0;0;0;0;0
8283X;2016-01-07;19.8;15:50;10.2;00:00;15;54;05:50;18;05:50;0;0;0;0;0
8283X;2016-01-08;23.2;14:00;9.2;08:30;16.2;27;13:40;10;12:00;0;0;0;0;0
8283X;2016-01-09;20.4;14:50;11.7;23:00;;48;15:20;25;15:30;;0;;0;0
8283X;2016-01-10;19.9;14:10;10.3;07:30;15.1;43;13:30;15;13:20;0;0;0;0;0
8283X;2016-01-11;19.7;10:40;10.0;23:59;14.9;44;14:00;17;15:30;0;0;0;0;0
8283X;2016-01-12;15.6;13:40;6.0;05:50;10.8;31;16:40;12;14:50;0;0;0;0;0
8283X;2016-01-13;17.2;14:30;2.4;08:10;9.8;20;15:00;7;15:00;0;0;0;0;0
8283X;2016-01-14;20.0;14:30;7.4;01:40;13.7;31;13:40;9;13:50;0;0;0;0;0
8283X;2016-01-15;12.1;00:20;4.6;23:50;8.4;24;21:20;8;21:20;0.4;0.2;0.2;0;0
8283X;2016-01-16;13.3;15:00;4.3;23:50;;53;11:30;21;10:50;;0;0;0;
8283X;2016-01-17;12.3;14:00;2.4;08:00;;20;10:10;10;08:40;;;;;
8283X;2016-01-18;19.0;14:30;6.0;00:30;;49;17:10;24;17:20;;;;0;0
8283X;2016-01-19;16.3;14:20;4.0;08:00;10.1;22;12:40;9;15:00;0;0;0;0;0
8283X;2016-01-20;17.6;15:10;2.6;08:50;10.1;25;13:50;10;13:40;0;0;0;0;0
8283X;2016-01-21;17.1;12:20;6.9;22:50;;24;06:50;11;14:40;;0;0;;
8283X;2016-01-22;18.1;15:00;3.8;08:20;11;24;12:00;12;12:00;0;0;0;0;0
8283X;2016-01-23;18.7;14:20;6.8;08:10;12.8;13;14:50;6;14:30;0;0;0;0;0
8283X;2016-01-24;17.8;13:20;6.9;08:30;12.3;18;14:00;7;14:10;0;0;0;0;0
8283X;2016-01-25;18.3;15:10;5.5;08:40;11.9;13;14:30;6;15:50;0;0;0;0;0
8283X;2016-01-26;15.0;13:50;9.7;06:40;12.3;17;14:30;7;15:30;0.2;0.2;0;0;0
8283X;2016-01-27;17.6;15:40;8.3;23:59;13;18;16:30;9;16:30;0;0;0;0;0
8283X;2016-01-28;19.2;14:30;5.1;07:50;12.2;21;13:40;8;10:20;0;0;0;0;0
8283X;2016-01-29;11.4;12:20;7.8;04:10;9.6;18;18:40;6;18:50;0.2;0;0;0.2;0
8283X;2016-01-30;17.7;14:50;9.6;23:59;13.7;15;21:30;7;23:10;0;0;0;0;0
8283X;2016-01-31;22.1;15:10;7.3;06:30;14.7;24;12:30;9;09:50;0;0;0;0;0
8283X;2016-02-01;21.8;15:20;7.2;08:40;14.5;16;15:50;7;16:20;0;0;0;0;0
8283X;2016-02-02;23.5;15:30;6.3;07:50;14.9;22;13:00;8;14:50;0;0;0;0;0
8283X;2016-02-03;17.8;15:50;5.2;07:20;11.5;18;19:50;5;20:00;0;0;0;0;0
8283X;2016-02-04;14.7;14:20;0.0;08:40;7.3;18;12:20;8;12:00;0;0;0;0;0
8283X;2016-02-05;16.6;16:30;1.8;08:10;9.2;15;17:10;6;15:20;0;0;0;0;0
8283X;2016-02-06;14.9;14:50;5.6;06:40;;12;17:30;55;19:00;;;;;
8283X;2016-02-07;15.0;15:00;6.6;08:50;10.8;54;12:30;17;14:30;3;0;3;0;0
8283X;2016-02-08;17.9;14:10;9.4;02:00;13.6;30;17:50;12;02:50;0;0;0;0;0
8283X;2016-02-09;18.9;16:30;9.9;07:40;14.4;61;22:00;26;21:40;0;0;0;0;0
8283X;2016-02-10;20.1;15:30;12.6;07:50;16.4;49;01:50;21;02:20;0;0;0;0;0
8283X;2016-02-11;21.5;13:20;12.5;22:40;17;40;00:40;16;00:40;2;0;0;1.6;0.4
8283X;2016-02-12;20.8;15:40;12.1;05:00;16.4;64;20:20;24;19:30;0;0;0;0;0
8283X;2016-02-13;21.5;14:50;16.4;08:00;18.9;46;04:00;17;16:00;0;0;0;0;0
8283X;2016-02-14;18.2;13:00;7.6;21:20;12.9;56;06:00;24;06:00;0.8;0;0;0.8;0
8283X;2016-02-15;13.7;14:30;4.1;23:59;8.9;41;02:00;15;02:00;0.2;0;0;0.2;0
8283X;2016-02-16;13.5;16:20;-0.8;07:50;6.3;17;09:10;7;09:10;0;0;0;0;0
8283X;2016-02-17;6.5;17:00;-2.3;08:50;;35;12:10;52;15:30;;0;0;;
8283X;2016-02-18;13.1;11:50;6.0;08:00;9.6;23;10:50;6;10:20;0;0;0;0;0
8283X;2016-02-19;12.1;15:10;2.5;23:40;7.3;14;15:20;6;17:40;0.2;0;0.2;0;0
8283X;2016-02-20;14.6;15:10;2.7;00:00;8.7;25;14:40;11;14:50;0;0;0;0;0
8283X;2016-02-21;16.3;15:30;4.0;02:10;10.1;18;15:10;6;15:20;0;0;0;0;0
8283X;2016-02-22;22.5;16:40;6.9;08:10;14.7;19;15:40;9;15:40;0;0;0;0;0
8283X;2016-02-23;21.4;15:40;8.4;07:50;14.9;27;15:10;9;11:40;0;0;0;0;0
8283X;2016-02-24;22.2;15:00;8.1;08:00;15.2;26;20:30;10;20:30;0;0;0;0;0
8283X;2016-02-25;18.2;15:10;7.6;23:40;12.9;43;09:30;14;09:30;0;0;0;0;0
8283X;2016-02-26;17.7;12:50;6.2;07:50;12;31;18:00;12;17:50;0.4;0;0;0;0.4
8283X;2016-02-27;9.4;00:00;5.3;05:40;7.3;51;08:50;22;09:00;0.6;0.4;0.2;0;0
8283X;2016-02-28;13.5;12:00;4.7;04:00;9.1;48;01:20;17;02:40;5.2;0;0.2;5;0
8283X;2016-02-29;16.6;15:50;3.5;02:20;10.1;28;10:00;12;10:10;0;0;0;0;0
8283X;2016-03-01;19.7;16:50;2.1;07:40;10.9;24;16:50;10;13:50;0;0;0;0;0
8283X;2016-03-02;24.3;15:20;9.7;03:40;17;33;10:50;15;05:50;0;0;0;0;0
8283X;2016-03-03;19.7;13:20;8.4;23:40;14.1;28;11:10;12;14:20;0;0;0;0;0
8283X;2016-03-04;23.8;15:40;5.3;07:30;14.5;37;23:59;17;13:10;0;0;0;0;0
8283X;2016-03-05;17.0;15:00;6.4;23:59;11.7;31;14:20;12;16:50;0;0;0;0;0
8283X;2016-03-06;15.1;14:40;5.0;23:30;10.1;29;12:20;9;12:20;0;0;0;0;0
8283X;2016-03-07;10.0;11:00;5.4;00:00;7.7;21;08:40;8;02:00;5.4;0;0.8;4.6;0
8283X;2016-03-08;14.2;15:50;0.7;07:30;7.4;17;15:00;7;12:40;0;0;0;0;0
8283X;2016-03-09;14.7;11:50;1.3;05:30;8;44;20:10;17;17:00;1.2;0;0;0;1.2
8283X;2016-03-10;14.0;16:40;3.2;23:59;8.6;38;10:50;9;16:00;0;0;0;0;0
8283X;2016-03-11;17.1;16:00;0.3;07:30;8.7;16;15:20;7;15:20;0;0;0;0;0
8283X;2016-03-12;16.1;16:00;0.3;07:20;8.2;22;18:10;10;17:50;0;0;0;0;0
8283X;2016-03-13;20.1;15:50;1.2;06:30;10.7;25;13:10;11;17:00;0;0;0;0;0
8283X;2016-03-14;14.6;13:20;3.1;05:40;8.9;28;18:00;12;18:00;3.8;0;0;3.2;0.6
8283X;2016-03-15;15.2;16:30;3.4;04:30;9.3;18;14:30;6;14:00;0.2;0;0;0.2;0
8283X;2016-03-16;20.3;16:20;5.0;03:40;12.6;33;17:40;15;17:40;0;0;0;0;0
8283X;2016-03-17;16.4;12:30;4.1;07:30;10.2;22;13:30;10;15:20;0;0;0;0;0
8283X;2016-03-18;17.8;15:30;8.4;07:10;13.1;19;15:50;8;15:40;0;0;0;0;0
8283X;2016-03-19;16.4;13:10;8.3;07:20;12.3;22;13:30;8;13:20;0.6;0;0;0;0.6
8283X;2016-03-20;20.2;14:00;5.5;07:30;12.9;23;17:30;9;15:10;0.8;0.6;0.2;0;0
8283X;2016-03-21;12.3;12:30;8.9;01:10;10.6;17;14:10;6;13:10;21.4;0;9.2;3.6;8.6
8283X;2016-03-22;15.4;16:40;8.6;03:20;12;22;23:59;9;23:59;3.2;1;0.8;1;0.4
8283X;2016-03-23;20.0;14:10;7.7;07:20;13.8;32;02:30;13;02:30;0;0;0;0;0
8283X;2016-03-24;21.0;15:50;3.1;07:00;12;19;10:50;8;10:50;0;0;0;0;0
8283X;2016-03-25;26.1;14:10;7.7;07:00;16.9;28;14:30;11;17:30;0;0;0;0;0
8283X;2016-03-26;26.3;14:50;9.3;06:50;17.8;29;16:20;10;23:00;0;0;0;0;0
8283X;2016-03-27;22.5;16:30;12.3;23:59;17.4;35;17:20;14;17:20;0;0;0;0;0
8283X;2016-03-28;24.5;15:40;8.4;07:20;16.4;26;09:40;11;18:00;0;0;0;0;0
8283X;2016-03-29;26.3;16:50;10.7;08:10;18.5;24;11:40;10;11:30;0;0;0;0;0
8283X;2016-03-30;23.8;15:10;11.1;07:40;;22;15:20;35;14:40;;0;0;0;
8283X;2016-03-31;20.5;12:50;9.9;08:00;15.2;39;12:50;14;13:00;0;0;0;0;0
